region_id,okved_section,observations,reported,earliest,latest,missing
FNS-01,B,139,139,2015-01-31,2026-07-31,0
FNS-01,C,139,139,2015-01-31,2026-07-31,0
FNS-01,D,139,139,2015-01-31,2026-07-31,0
FNS-01,E,139,139,2015-01-31,2026-07-31,0
FNS-01,TOTAL,139,139,2015-01-31,2026-07-31,0
FNS-02,B,139,139,2015-01-31,2026-07-31,0
FNS-02,C,139,139,2015-01-31,2026-07-31,0
FNS-02,D,139,139,2015-01-31,2026-07-31,0
FNS-02,E,139,139,2015-01-31,2026-07-31,0
FNS-02,TOTAL,139,139,2015-01-31,2026-07-31,0
FNS-03,B,139,139,2015-01-31,2026-07-31,0
FNS-03,C,139,139,2015-01-31,2026-07-31,0
FNS-03,D,139,139,2015-01-31,2026-07-31,0
FNS-03,E,139,139,2015-01-31,2026-07-31,0
FNS-03,TOTAL,139,139,2015-01-31,2026-07-31,0
FNS-04,B,139,139,2015-01-31,2026-07-31,0
FNS-04,C,139,139,2015-01-31,2026-07-31,0
FNS-04,D,139,139,2015-01-31,2026-07-31,0
FNS-04,E,139,139,2015-01-31,2026-07-31,0
FNS-04,TOTAL,139,139,2015-01-31,2026-07-31,0
FNS-05,B,139,139,2015-01-31,2026-07-31,0
FNS-05,C,139,139,2015-01-31,2026-07-31,0
FNS-05,D,139,139,2015-01-31,2026-07-31,0
FNS-05,E,139,139,2015-01-31,2026-07-31,0
FNS-05,TOTAL,139,139,2015-01-31,2026-07-31,0
FNS-06,B,139,139,2015-01-31,2026-07-31,0
FNS-06,C,139,139,2015-01-31,2026-07-31,0
FNS-06,D,139,139,2015-01-31,2026-07-31,0
FNS-06,E,139,139,2015-01-31,2026-07-31,0
FNS-06,TOTAL,139,139,2015-01-31,2026-07-31,0
FNS-07,B,139,139,2015-01-31,2026-07-31,0
FNS-07,C,139,139,2015-01-31,2026-07-31,0
FNS-07,D,139,139,2015-01-31,2026-07-31,0
FNS-07,E,139,139,2015-01-31,2026-07-31,0
FNS-07,TOTAL,139,139,2015-01-31,2026-07-31,0
FNS-08,B,139,139,2015-01-31,2026-07-31,0
FNS-08,C,139,139,2015-01-31,2026-07-31,0
FNS-08,D,139,139,2015-01-31,2026-07-31,0
FNS-08,E,139,139,2015-01-31,2026-07-31,0
FNS-08,TOTAL,139,139,2015-01-31,2026-07-31,0
FNS-09,B,139,139,2015-01-31,2026-07-31,0
FNS-09,C,139,139,2015-01-31,2026-07-31,0
FNS-09,D,139,139,2015-01-31,2026-07-31,0
FNS-09,E,139,139,2015-01-31,2026-07-31,0
FNS-09,TOTAL,139,139,2015-01-31,2026-07-31,0
FNS-10,B,139,139,2015-01-31,2026-07-31,0
FNS-10,C,139,139,2015-01-31,2026-07-31,0
FNS-10,D,139,139,2015-01-31,2026-07-31,0
FNS-10,E,139,139,2015-01-31,2026-07-31,0
FNS-10,TOTAL,139,139,2015-01-31,2026-07-31,0
FNS-11,B,139,139,2015-01-31,2026-07-31,0
FNS-11,C,139,139,2015-01-31,2026-07-31,0
FNS-11,D,139,139,2015-01-31,2026-07-31,0
FNS-11,E,139,139,2015-01-31,2026-07-31,0
FNS-11,TOTAL,139,139,2015-01-31,2026-07-31,0
FNS-12,B,139,139,2015-01-31,2026-07-31,0
FNS-12,C,139,139,2015-01-31,2026-07-31,0
FNS-12,D,139,139,2015-01-31,2026-07-31,0
FNS-12,E,139,139,2015-01-31,2026-07-31,0
FNS-12,TOTAL,139,139,2015-01-31,2026-07-31,0
FNS-13,B,139,139,2015-01-31,2026-07-31,0
FNS-13,C,139,139,2015-01-31,2026-07-31,0
FNS-13,D,139,139,2015-01-31,2026-07-31,0
FNS-13,E,139,139,2015-01-31,2026-07-31,0
FNS-13,TOTAL,139,139,2015-01-31,2026-07-31,0
FNS-14,B,139,139,2015-01-31,2026-07-31,0
FNS-14,C,139,139,2015-01-31,2026-07-31,0
FNS-14,D,139,139,2015-01-31,2026-07-31,0
FNS-14,E,139,139,2015-01-31,2026-07-31,0
FNS-14,TOTAL,139,139,2015-01-31,2026-07-31,0
FNS-15,B,139,139,2015-01-31,2026-07-31,0
FNS-15,C,139,139,2015-01-31,2026-07-31,0
FNS-15,D,139,139,2015-01-31,2026-07-31,0
FNS-15,E,139,139,2015-01-31,2026-07-31,0
FNS-15,TOTAL,139,139,2015-01-31,2026-07-31,0
FNS-16,B,139,139,2015-01-31,2026-07-31,0
FNS-16,C,139,139,2015-01-31,2026-07-31,0
FNS-16,D,139,139,2015-01-31,2026-07-31,0
FNS-16,E,139,139,2015-01-31,2026-07-31,0
FNS-16,TOTAL,139,139,2015-01-31,2026-07-31,0
FNS-17,B,139,139,2015-01-31,2026-07-31,0
FNS-17,C,139,139,2015-01-31,2026-07-31,0
FNS-17,D,139,139,2015-01-31,2026-07-31,0
FNS-17,E,139,139,2015-01-31,2026-07-31,0
FNS-17,TOTAL,139,139,2015-01-31,2026-07-31,0
FNS-18,B,139,139,2015-01-31,2026-07-31,0
FNS-18,C,139,139,2015-01-31,2026-07-31,0
FNS-18,D,139,139,2015-01-31,2026-07-31,0
FNS-18,E,139,139,2015-01-31,2026-07-31,0
FNS-18,TOTAL,139,139,2015-01-31,2026-07-31,0
FNS-19,B,139,139,2015-01-31,2026-07-31,0
FNS-19,C,139,139,2015-01-31,2026-07-31,0
FNS-19,D,139,139,2015-01-31,2026-07-31,0
FNS-19,E,139,139,2015-01-31,2026-07-31,0
FNS-19,TOTAL,139,139,2015-01-31,2026-07-31,0
FNS-20,B,139,139,2015-01-31,2026-07-31,0
FNS-20,C,139,139,2015-01-31,2026-07-31,0
FNS-20,D,139,139,2015-01-31,2026-07-31,0
FNS-20,E,139,139,2015-01-31,2026-07-31,0
FNS-20,TOTAL,139,139,2015-01-31,2026-07-31,0
FNS-21,B,139,139,2015-01-31,2026-07-31,0
FNS-21,C,139,139,2015-01-31,2026-07-31,0
FNS-21,D,139,139,2015-01-31,2026-07-31,0
FNS-21,E,139,139,2015-01-31,2026-07-31,0
FNS-21,TOTAL,139,139,2015-01-31,2026-07-31,0
FNS-22,B,139,139,2015-01-31,2026-07-31,0
FNS-22,C,139,139,2015-01-31,2026-07-31,0
FNS-22,D,139,139,2015-01-31,2026-07-31,0
FNS-22,E,139,139,2015-01-31,2026-07-31,0
FNS-22,TOTAL,139,139,2015-01-31,2026-07-31,0
FNS-23,B,139,139,2015-01-31,2026-07-31,0
FNS-23,C,139,139,2015-01-31,2026-07-31,0
FNS-23,D,139,139,2015-01-31,2026-07-31,0
FNS-23,E,139,139,2015-01-31,2026-07-31,0
FNS-23,TOTAL,139,139,2015-01-31,2026-07-31,0
FNS-24,B,139,139,2015-01-31,2026-07-31,0
FNS-24,C,139,139,2015-01-31,2026-07-31,0
FNS-24,D,139,139,2015-01-31,2026-07-31,0
FNS-24,E,139,139,2015-01-31,2026-07-31,0
FNS-24,TOTAL,139,139,2015-01-31,2026-07-31,0
FNS-25,B,139,139,2015-01-31,2026-07-31,0
FNS-25,C,139,139,2015-01-31,2026-07-31,0
FNS-25,D,139,139,2015-01-31,2026-07-31,0
FNS-25,E,139,139,2015-01-31,2026-07-31,0
FNS-25,TOTAL,139,139,2015-01-31,2026-07-31,0
FNS-26,B,139,139,2015-01-31,2026-07-31,0
FNS-26,C,139,139,2015-01-31,2026-07-31,0
FNS-26,D,139,139,2015-01-31,2026-07-31,0
FNS-26,E,139,139,2015-01-31,2026-07-31,0
FNS-26,TOTAL,139,139,2015-01-31,2026-07-31,0
FNS-27,B,139,139,2015-01-31,2026-07-31,0
FNS-27,C,139,139,2015-01-31,2026-07-31,0
FNS-27,D,139,139,2015-01-31,2026-07-31,0
FNS-27,E,139,139,2015-01-31,2026-07-31,0
FNS-27,TOTAL,139,139,2015-01-31,2026-07-31,0
FNS-28,B,139,139,2015-01-31,2026-07-31,0
FNS-28,C,139,139,2015-01-31,2026-07-31,0
FNS-28,D,139,139,2015-01-31,2026-07-31,0
FNS-28,E,139,139,2015-01-31,2026-07-31,0
FNS-28,TOTAL,139,139,2015-01-31,2026-07-31,0
FNS-30,B,139,139,2015-01-31,2026-07-31,0
FNS-30,C,139,139,2015-01-31,2026-07-31,0
FNS-30,D,139,139,2015-01-31,2026-07-31,0
FNS-30,E,139,139,2015-01-31,2026-07-31,0
FNS-30,TOTAL,139,139,2015-01-31,2026-07-31,0
FNS-31,B,139,139,2015-01-31,2026-07-31,0
FNS-31,C,139,139,2015-01-31,2026-07-31,0
FNS-31,D,139,139,2015-01-31,2026-07-31,0
FNS-31,E,139,139,2015-01-31,2026-07-31,0
FNS-31,TOTAL,139,139,2015-01-31,2026-07-31,0
FNS-32,B,139,139,2015-01-31,2026-07-31,0
FNS-32,C,139,139,2015-01-31,2026-07-31,0
FNS-32,D,139,139,2015-01-31,2026-07-31,0
FNS-32,E,139,139,2015-01-31,2026-07-31,0
FNS-32,TOTAL,139,139,2015-01-31,2026-07-31,0
FNS-33,B,139,139,2015-01-31,2026-07-31,0
FNS-33,C,139,139,2015-01-31,2026-07-31,0
FNS-33,D,139,139,2015-01-31,2026-07-31,0
FNS-33,E,139,139,2015-01-31,2026-07-31,0
FNS-33,TOTAL,139,139,2015-01-31,2026-07-31,0
FNS-34,B,139,139,2015-01-31,2026-07-31,0
FNS-34,C,139,139,2015-01-31,2026-07-31,0
FNS-34,D,139,139,2015-01-31,2026-07-31,0
FNS-34,E,139,139,2015-01-31,2026-07-31,0
FNS-34,TOTAL,139,139,2015-01-31,2026-07-31,0
FNS-35,B,139,139,2015-01-31,2026-07-31,0
FNS-35,C,139,139,2015-01-31,2026-07-31,0
FNS-35,D,139,139,2015-01-31,2026-07-31,0
FNS-35,E,139,139,2015-01-31,2026-07-31,0
FNS-35,TOTAL,139,139,2015-01-31,2026-07-31,0
FNS-36,B,139,139,2015-01-31,2026-07-31,0
FNS-36,C,139,139,2015-01-31,2026-07-31,0
FNS-36,D,139,139,2015-01-31,2026-07-31,0
FNS-36,E,139,139,2015-01-31,2026-07-31,0
FNS-36,TOTAL,139,139,2015-01-31,2026-07-31,0
FNS-37,B,139,139,2015-01-31,2026-07-31,0
FNS-37,C,139,139,2015-01-31,2026-07-31,0
FNS-37,D,139,139,2015-01-31,2026-07-31,0
FNS-37,E,139,139,2015-01-31,2026-07-31,0
FNS-37,TOTAL,139,139,2015-01-31,2026-07-31,0
FNS-38,B,139,139,2015-01-31,2026-07-31,0
FNS-38,C,139,139,2015-01-31,2026-07-31,0
FNS-38,D,139,139,2015-01-31,2026-07-31,0
FNS-38,E,139,139,2015-01-31,2026-07-31,0
FNS-38,TOTAL,139,139,2015-01-31,2026-07-31,0
FNS-39,B,139,139,2015-01-31,2026-07-31,0
FNS-39,C,139,139,2015-01-31,2026-07-31,0
FNS-39,D,139,139,2015-01-31,2026-07-31,0
FNS-39,E,139,139,2015-01-31,2026-07-31,0
FNS-39,TOTAL,139,139,2015-01-31,2026-07-31,0
FNS-41,B,139,139,2015-01-31,2026-07-31,0
FNS-41,C,139,139,2015-01-31,2026-07-31,0
FNS-41,D,139,139,2015-01-31,2026-07-31,0
FNS-41,E,139,139,2015-01-31,2026-07-31,0
FNS-41,TOTAL,139,139,2015-01-31,2026-07-31,0
FNS-42,B,139,139,2015-01-31,2026-07-31,0
FNS-42,C,139,139,2015-01-31,2026-07-31,0
FNS-42,D,139,139,2015-01-31,2026-07-31,0
FNS-42,E,139,139,2015-01-31,2026-07-31,0
FNS-42,TOTAL,139,139,2015-01-31,2026-07-31,0
FNS-43,B,139,139,2015-01-31,2026-07-31,0
FNS-43,C,139,139,2015-01-31,2026-07-31,0
FNS-43,D,139,139,2015-01-31,2026-07-31,0
FNS-43,E,139,139,2015-01-31,2026-07-31,0
FNS-43,TOTAL,139,139,2015-01-31,2026-07-31,0
FNS-44,B,139,139,2015-01-31,2026-07-31,0
FNS-44,C,139,139,2015-01-31,2026-07-31,0
FNS-44,D,139,139,2015-01-31,2026-07-31,0
FNS-44,E,139,139,2015-01-31,2026-07-31,0
FNS-44,TOTAL,139,139,2015-01-31,2026-07-31,0
FNS-45,B,139,139,2015-01-31,2026-07-31,0
FNS-45,C,139,139,2015-01-31,2026-07-31,0
FNS-45,D,139,139,2015-01-31,2026-07-31,0
FNS-45,E,139,139,2015-01-31,2026-07-31,0
FNS-45,TOTAL,139,139,2015-01-31,2026-07-31,0
FNS-46,B,139,139,2015-01-31,2026-07-31,0
FNS-46,C,139,139,2015-01-31,2026-07-31,0
FNS-46,D,139,139,2015-01-31,2026-07-31,0
FNS-46,E,139,139,2015-01-31,2026-07-31,0
FNS-46,TOTAL,139,139,2015-01-31,2026-07-31,0
FNS-47,B,139,139,2015-01-31,2026-07-31,0
FNS-47,C,139,139,2015-01-31,2026-07-31,0
FNS-47,D,139,139,2015-01-31,2026-07-31,0
FNS-47,E,139,139,2015-01-31,2026-07-31,0
FNS-47,TOTAL,139,139,2015-01-31,2026-07-31,0
FNS-48,B,139,139,2015-01-31,2026-07-31,0
FNS-48,C,139,139,2015-01-31,2026-07-31,0
FNS-48,D,139,139,2015-01-31,2026-07-31,0
FNS-48,E,139,139,2015-01-31,2026-07-31,0
FNS-48,TOTAL,139,139,2015-01-31,2026-07-31,0
FNS-49,B,139,139,2015-01-31,2026-07-31,0
FNS-49,C,139,139,2015-01-31,2026-07-31,0
FNS-49,D,139,139,2015-01-31,2026-07-31,0
FNS-49,E,139,139,2015-01-31,2026-07-31,0
FNS-49,TOTAL,139,139,2015-01-31,2026-07-31,0
FNS-50,B,139,139,2015-01-31,2026-07-31,0
FNS-50,C,139,139,2015-01-31,2026-07-31,0
FNS-50,D,139,139,2015-01-31,2026-07-31,0
FNS-50,E,139,139,2015-01-31,2026-07-31,0
FNS-50,TOTAL,139,139,2015-01-31,2026-07-31,0
FNS-51,B,139,139,2015-01-31,2026-07-31,0
FNS-51,C,139,139,2015-01-31,2026-07-31,0
FNS-51,D,139,139,2015-01-31,2026-07-31,0
FNS-51,E,139,139,2015-01-31,2026-07-31,0
FNS-51,TOTAL,139,139,2015-01-31,2026-07-31,0
FNS-52,B,139,139,2015-01-31,2026-07-31,0
FNS-52,C,139,139,2015-01-31,2026-07-31,0
FNS-52,D,139,139,2015-01-31,2026-07-31,0
FNS-52,E,139,139,2015-01-31,2026-07-31,0
FNS-52,TOTAL,139,139,2015-01-31,2026-07-31,0
FNS-53,B,139,139,2015-01-31,2026-07-31,0
FNS-53,C,139,139,2015-01-31,2026-07-31,0
FNS-53,D,139,139,2015-01-31,2026-07-31,0
FNS-53,E,139,139,2015-01-31,2026-07-31,0
FNS-53,TOTAL,139,139,2015-01-31,2026-07-31,0
FNS-54,B,139,139,2015-01-31,2026-07-31,0
FNS-54,C,139,139,2015-01-31,2026-07-31,0
FNS-54,D,139,139,2015-01-31,2026-07-31,0
FNS-54,E,139,139,2015-01-31,2026-07-31,0
FNS-54,TOTAL,139,139,2015-01-31,2026-07-31,0
FNS-55,B,139,139,2015-01-31,2026-07-31,0
FNS-55,C,139,139,2015-01-31,2026-07-31,0
FNS-55,D,139,139,2015-01-31,2026-07-31,0
FNS-55,E,139,139,2015-01-31,2026-07-31,0
FNS-55,TOTAL,139,139,2015-01-31,2026-07-31,0
FNS-56,B,139,139,2015-01-31,2026-07-31,0
FNS-56,C,139,139,2015-01-31,2026-07-31,0
FNS-56,D,139,139,2015-01-31,2026-07-31,0
FNS-56,E,139,139,2015-01-31,2026-07-31,0
FNS-56,TOTAL,139,139,2015-01-31,2026-07-31,0
FNS-57,B,139,139,2015-01-31,2026-07-31,0
FNS-57,C,139,139,2015-01-31,2026-07-31,0
FNS-57,D,139,139,2015-01-31,2026-07-31,0
FNS-57,E,139,139,2015-01-31,2026-07-31,0
FNS-57,TOTAL,139,139,2015-01-31,2026-07-31,0
FNS-58,B,139,139,2015-01-31,2026-07-31,0
FNS-58,C,139,139,2015-01-31,2026-07-31,0
FNS-58,D,139,139,2015-01-31,2026-07-31,0
FNS-58,E,139,139,2015-01-31,2026-07-31,0
FNS-58,TOTAL,139,139,2015-01-31,2026-07-31,0
FNS-59,B,139,139,2015-01-31,2026-07-31,0
FNS-59,C,139,139,2015-01-31,2026-07-31,0
FNS-59,D,139,139,2015-01-31,2026-07-31,0
FNS-59,E,139,139,2015-01-31,2026-07-31,0
FNS-59,TOTAL,139,139,2015-01-31,2026-07-31,0
FNS-60,B,139,139,2015-01-31,2026-07-31,0
FNS-60,C,139,139,2015-01-31,2026-07-31,0
FNS-60,D,139,139,2015-01-31,2026-07-31,0
FNS-60,E,139,139,2015-01-31,2026-07-31,0
FNS-60,TOTAL,139,139,2015-01-31,2026-07-31,0
FNS-61,B,139,139,2015-01-31,2026-07-31,0
FNS-61,C,139,139,2015-01-31,2026-07-31,0
FNS-61,D,139,139,2015-01-31,2026-07-31,0
FNS-61,E,139,139,2015-01-31,2026-07-31,0
FNS-61,TOTAL,139,139,2015-01-31,2026-07-31,0
FNS-62,B,139,139,2015-01-31,2026-07-31,0
FNS-62,C,139,139,2015-01-31,2026-07-31,0
FNS-62,D,139,139,2015-01-31,2026-07-31,0
FNS-62,E,139,139,2015-01-31,2026-07-31,0
FNS-62,TOTAL,139,139,2015-01-31,2026-07-31,0
FNS-63,B,139,139,2015-01-31,2026-07-31,0
FNS-63,C,139,139,2015-01-31,2026-07-31,0
FNS-63,D,139,139,2015-01-31,2026-07-31,0
FNS-63,E,139,139,2015-01-31,2026-07-31,0
FNS-63,TOTAL,139,139,2015-01-31,2026-07-31,0
FNS-64,B,139,139,2015-01-31,2026-07-31,0
FNS-64,C,139,139,2015-01-31,2026-07-31,0
FNS-64,D,139,139,2015-01-31,2026-07-31,0
FNS-64,E,139,139,2015-01-31,2026-07-31,0
FNS-64,TOTAL,139,139,2015-01-31,2026-07-31,0
FNS-65,B,139,139,2015-01-31,2026-07-31,0
FNS-65,C,139,139,2015-01-31,2026-07-31,0
FNS-65,D,139,139,2015-01-31,2026-07-31,0
FNS-65,E,139,139,2015-01-31,2026-07-31,0
FNS-65,TOTAL,139,139,2015-01-31,2026-07-31,0
FNS-67,B,139,139,2015-01-31,2026-07-31,0
FNS-67,C,139,139,2015-01-31,2026-07-31,0
FNS-67,D,139,139,2015-01-31,2026-07-31,0
FNS-67,E,139,139,2015-01-31,2026-07-31,0
FNS-67,TOTAL,139,139,2015-01-31,2026-07-31,0
FNS-68,B,139,139,2015-01-31,2026-07-31,0
FNS-68,C,139,139,2015-01-31,2026-07-31,0
FNS-68,D,139,139,2015-01-31,2026-07-31,0
FNS-68,E,139,139,2015-01-31,2026-07-31,0
FNS-68,TOTAL,139,139,2015-01-31,2026-07-31,0
FNS-69,B,139,139,2015-01-31,2026-07-31,0
FNS-69,C,139,139,2015-01-31,2026-07-31,0
FNS-69,D,139,139,2015-01-31,2026-07-31,0
FNS-69,E,139,139,2015-01-31,2026-07-31,0
FNS-69,TOTAL,139,139,2015-01-31,2026-07-31,0
FNS-70,B,139,139,2015-01-31,2026-07-31,0
FNS-70,C,139,139,2015-01-31,2026-07-31,0
FNS-70,D,139,139,2015-01-31,2026-07-31,0
FNS-70,E,139,139,2015-01-31,2026-07-31,0
FNS-70,TOTAL,139,139,2015-01-31,2026-07-31,0
FNS-71,B,139,139,2015-01-31,2026-07-31,0
FNS-71,C,139,139,2015-01-31,2026-07-31,0
FNS-71,D,139,139,2015-01-31,2026-07-31,0
FNS-71,E,139,139,2015-01-31,2026-07-31,0
FNS-71,TOTAL,139,139,2015-01-31,2026-07-31,0
FNS-73,B,139,139,2015-01-31,2026-07-31,0
FNS-73,C,139,139,2015-01-31,2026-07-31,0
FNS-73,D,139,139,2015-01-31,2026-07-31,0
FNS-73,E,139,139,2015-01-31,2026-07-31,0
FNS-73,TOTAL,139,139,2015-01-31,2026-07-31,0
FNS-74,B,139,139,2015-01-31,2026-07-31,0
FNS-74,C,139,139,2015-01-31,2026-07-31,0
FNS-74,D,139,139,2015-01-31,2026-07-31,0
FNS-74,E,139,139,2015-01-31,2026-07-31,0
FNS-74,TOTAL,139,139,2015-01-31,2026-07-31,0
FNS-75,B,139,139,2015-01-31,2026-07-31,0
FNS-75,C,139,139,2015-01-31,2026-07-31,0
FNS-75,D,139,139,2015-01-31,2026-07-31,0
FNS-75,E,139,139,2015-01-31,2026-07-31,0
FNS-75,TOTAL,139,139,2015-01-31,2026-07-31,0
FNS-76,B,139,139,2015-01-31,2026-07-31,0
FNS-76,C,139,139,2015-01-31,2026-07-31,0
FNS-76,D,139,139,2015-01-31,2026-07-31,0
FNS-76,E,139,139,2015-01-31,2026-07-31,0
FNS-76,TOTAL,139,139,2015-01-31,2026-07-31,0
FNS-77,B,139,0,2015-01-31,2026-07-31,139
FNS-77,C,139,139,2015-01-31,2026-07-31,0
FNS-77,D,139,139,2015-01-31,2026-07-31,0
FNS-77,E,139,139,2015-01-31,2026-07-31,0
FNS-77,TOTAL,139,139,2015-01-31,2026-07-31,0
FNS-78,B,139,134,2015-01-31,2026-07-31,5
FNS-78,C,139,139,2015-01-31,2026-07-31,0
FNS-78,D,139,139,2015-01-31,2026-07-31,0
FNS-78,E,139,139,2015-01-31,2026-07-31,0
FNS-78,TOTAL,139,139,2015-01-31,2026-07-31,0
FNS-79,B,139,139,2015-01-31,2026-07-31,0
FNS-79,C,139,139,2015-01-31,2026-07-31,0
FNS-79,D,139,139,2015-01-31,2026-07-31,0
FNS-79,E,139,139,2015-01-31,2026-07-31,0
FNS-79,TOTAL,139,139,2015-01-31,2026-07-31,0
FNS-87,B,139,139,2015-01-31,2026-07-31,0
FNS-87,C,139,139,2015-01-31,2026-07-31,0
FNS-87,D,139,139,2015-01-31,2026-07-31,0
FNS-87,E,139,139,2015-01-31,2026-07-31,0
FNS-87,TOTAL,139,139,2015-01-31,2026-07-31,0
RU-KLU,B,139,139,2015-01-31,2026-07-31,0
RU-KLU,C,139,139,2015-01-31,2026-07-31,0
RU-KLU,D,139,139,2015-01-31,2026-07-31,0
RU-KLU,E,139,139,2015-01-31,2026-07-31,0
RU-KLU,TOTAL,139,139,2015-01-31,2026-07-31,0
RU-SVE,B,139,139,2015-01-31,2026-07-31,0
RU-SVE,C,139,139,2015-01-31,2026-07-31,0
RU-SVE,D,139,139,2015-01-31,2026-07-31,0
RU-SVE,E,139,139,2015-01-31,2026-07-31,0
RU-SVE,TOTAL,139,139,2015-01-31,2026-07-31,0
