region_id,region_name_ru,period,frequency,window_start,window_months,okved_section,industry_name_en,industry_name_ru,index_value,index_measure,index_base,growth_yoy_pct,source_vintage,source_file,source_sha256,source_id,source_sheet,source_cell,source_region_name,region_match_method,scope_qualifier,raw_value,raw_year_header,raw_window_header,availability,missing_source_value,year_header_has_footnote,window_header_has_footnote,revision_state,quality_status,source_url
FNS-77,г. Москва,2015-01-31,YTD,2015-01-01,1,B,Mining and quarrying,Добыча полезных ископаемых,,same_period_previous_year_pct,Weight base not stated in this sheet,,2026-02-06,ind_sub_2018_12-2025.xlsx,c4ab90d9f4cd20b8bcd02f06aab588b3c1ba03bc99f1d07889a83ead29f5fa13,rosstat-cumulative-c4ab90d9f4cd,5,B25,г. Москва ,typography_normalization,,-,2015 год,январь,unavailable_source_marker,True,False,False,published_source_vintage,candidate,https://rosstat.gov.ru/enterprise_industrial
FNS-77,г. Москва,2015-02-28,YTD,2015-01-01,2,B,Mining and quarrying,Добыча полезных ископаемых,,same_period_previous_year_pct,Weight base not stated in this sheet,,2026-02-06,ind_sub_2018_12-2025.xlsx,c4ab90d9f4cd20b8bcd02f06aab588b3c1ba03bc99f1d07889a83ead29f5fa13,rosstat-cumulative-c4ab90d9f4cd,5,C25,г. Москва ,typography_normalization,,-,2015 год,январь-февраль,unavailable_source_marker,True,False,False,published_source_vintage,candidate,https://rosstat.gov.ru/enterprise_industrial
FNS-77,г. Москва,2015-03-31,YTD,2015-01-01,3,B,Mining and quarrying,Добыча полезных ископаемых,,same_period_previous_year_pct,Weight base not stated in this sheet,,2026-02-06,ind_sub_2018_12-2025.xlsx,c4ab90d9f4cd20b8bcd02f06aab588b3c1ba03bc99f1d07889a83ead29f5fa13,rosstat-cumulative-c4ab90d9f4cd,5,D25,г. Москва ,typography_normalization,,-,2015 год,январь-март,unavailable_source_marker,True,False,False,published_source_vintage,candidate,https://rosstat.gov.ru/enterprise_industrial
FNS-77,г. Москва,2015-04-30,YTD,2015-01-01,4,B,Mining and quarrying,Добыча полезных ископаемых,,same_period_previous_year_pct,Weight base not stated in this sheet,,2026-02-06,ind_sub_2018_12-2025.xlsx,c4ab90d9f4cd20b8bcd02f06aab588b3c1ba03bc99f1d07889a83ead29f5fa13,rosstat-cumulative-c4ab90d9f4cd,5,E25,г. Москва ,typography_normalization,,-,2015 год,январь-апрель,unavailable_source_marker,True,False,False,published_source_vintage,candidate,https://rosstat.gov.ru/enterprise_industrial
FNS-77,г. Москва,2015-05-31,YTD,2015-01-01,5,B,Mining and quarrying,Добыча полезных ископаемых,,same_period_previous_year_pct,Weight base not stated in this sheet,,2026-02-06,ind_sub_2018_12-2025.xlsx,c4ab90d9f4cd20b8bcd02f06aab588b3c1ba03bc99f1d07889a83ead29f5fa13,rosstat-cumulative-c4ab90d9f4cd,5,F25,г. Москва ,typography_normalization,,-,2015 год,январь-май,unavailable_source_marker,True,False,False,published_source_vintage,candidate,https://rosstat.gov.ru/enterprise_industrial
FNS-77,г. Москва,2015-06-30,YTD,2015-01-01,6,B,Mining and quarrying,Добыча полезных ископаемых,,same_period_previous_year_pct,Weight base not stated in this sheet,,2026-02-06,ind_sub_2018_12-2025.xlsx,c4ab90d9f4cd20b8bcd02f06aab588b3c1ba03bc99f1d07889a83ead29f5fa13,rosstat-cumulative-c4ab90d9f4cd,5,G25,г. Москва ,typography_normalization,,-,2015 год,январь-июнь,unavailable_source_marker,True,False,False,published_source_vintage,candidate,https://rosstat.gov.ru/enterprise_industrial
FNS-77,г. Москва,2015-07-31,YTD,2015-01-01,7,B,Mining and quarrying,Добыча полезных ископаемых,,same_period_previous_year_pct,Weight base not stated in this sheet,,2026-02-06,ind_sub_2018_12-2025.xlsx,c4ab90d9f4cd20b8bcd02f06aab588b3c1ba03bc99f1d07889a83ead29f5fa13,rosstat-cumulative-c4ab90d9f4cd,5,H25,г. Москва ,typography_normalization,,-,2015 год,январь-июль,unavailable_source_marker,True,False,False,published_source_vintage,candidate,https://rosstat.gov.ru/enterprise_industrial
FNS-77,г. Москва,2015-08-31,YTD,2015-01-01,8,B,Mining and quarrying,Добыча полезных ископаемых,,same_period_previous_year_pct,Weight base not stated in this sheet,,2026-02-06,ind_sub_2018_12-2025.xlsx,c4ab90d9f4cd20b8bcd02f06aab588b3c1ba03bc99f1d07889a83ead29f5fa13,rosstat-cumulative-c4ab90d9f4cd,5,I25,г. Москва ,typography_normalization,,-,2015 год,январь-август,unavailable_source_marker,True,False,False,published_source_vintage,candidate,https://rosstat.gov.ru/enterprise_industrial
FNS-77,г. Москва,2015-09-30,YTD,2015-01-01,9,B,Mining and quarrying,Добыча полезных ископаемых,,same_period_previous_year_pct,Weight base not stated in this sheet,,2026-02-06,ind_sub_2018_12-2025.xlsx,c4ab90d9f4cd20b8bcd02f06aab588b3c1ba03bc99f1d07889a83ead29f5fa13,rosstat-cumulative-c4ab90d9f4cd,5,J25,г. Москва ,typography_normalization,,-,2015 год,январь-сентябрь,unavailable_source_marker,True,False,False,published_source_vintage,candidate,https://rosstat.gov.ru/enterprise_industrial
FNS-77,г. Москва,2015-10-31,YTD,2015-01-01,10,B,Mining and quarrying,Добыча полезных ископаемых,,same_period_previous_year_pct,Weight base not stated in this sheet,,2026-02-06,ind_sub_2018_12-2025.xlsx,c4ab90d9f4cd20b8bcd02f06aab588b3c1ba03bc99f1d07889a83ead29f5fa13,rosstat-cumulative-c4ab90d9f4cd,5,K25,г. Москва ,typography_normalization,,-,2015 год,январь-октябрь,unavailable_source_marker,True,False,False,published_source_vintage,candidate,https://rosstat.gov.ru/enterprise_industrial
FNS-77,г. Москва,2015-11-30,YTD,2015-01-01,11,B,Mining and quarrying,Добыча полезных ископаемых,,same_period_previous_year_pct,Weight base not stated in this sheet,,2026-02-06,ind_sub_2018_12-2025.xlsx,c4ab90d9f4cd20b8bcd02f06aab588b3c1ba03bc99f1d07889a83ead29f5fa13,rosstat-cumulative-c4ab90d9f4cd,5,L25,г. Москва ,typography_normalization,,-,2015 год,январь-ноябрь,unavailable_source_marker,True,False,False,published_source_vintage,candidate,https://rosstat.gov.ru/enterprise_industrial
FNS-77,г. Москва,2015-12-31,YTD,2015-01-01,12,B,Mining and quarrying,Добыча полезных ископаемых,,same_period_previous_year_pct,Weight base not stated in this sheet,,2026-02-06,ind_sub_2018_12-2025.xlsx,c4ab90d9f4cd20b8bcd02f06aab588b3c1ba03bc99f1d07889a83ead29f5fa13,rosstat-cumulative-c4ab90d9f4cd,5,M25,г. Москва ,typography_normalization,,-,2015 год,январь-декабрь,unavailable_source_marker,True,False,False,published_source_vintage,candidate,https://rosstat.gov.ru/enterprise_industrial
FNS-77,г. Москва,2016-01-31,YTD,2016-01-01,1,B,Mining and quarrying,Добыча полезных ископаемых,,same_period_previous_year_pct,Weight base not stated in this sheet,,2026-02-06,ind_sub_2018_12-2025.xlsx,c4ab90d9f4cd20b8bcd02f06aab588b3c1ba03bc99f1d07889a83ead29f5fa13,rosstat-cumulative-c4ab90d9f4cd,5,N25,г. Москва ,typography_normalization,,-,2016 год,январь,unavailable_source_marker,True,False,False,published_source_vintage,candidate,https://rosstat.gov.ru/enterprise_industrial
FNS-77,г. Москва,2016-02-29,YTD,2016-01-01,2,B,Mining and quarrying,Добыча полезных ископаемых,,same_period_previous_year_pct,Weight base not stated in this sheet,,2026-02-06,ind_sub_2018_12-2025.xlsx,c4ab90d9f4cd20b8bcd02f06aab588b3c1ba03bc99f1d07889a83ead29f5fa13,rosstat-cumulative-c4ab90d9f4cd,5,O25,г. Москва ,typography_normalization,,-,2016 год,январь-февраль,unavailable_source_marker,True,False,False,published_source_vintage,candidate,https://rosstat.gov.ru/enterprise_industrial
FNS-77,г. Москва,2016-03-31,YTD,2016-01-01,3,B,Mining and quarrying,Добыча полезных ископаемых,,same_period_previous_year_pct,Weight base not stated in this sheet,,2026-02-06,ind_sub_2018_12-2025.xlsx,c4ab90d9f4cd20b8bcd02f06aab588b3c1ba03bc99f1d07889a83ead29f5fa13,rosstat-cumulative-c4ab90d9f4cd,5,P25,г. Москва ,typography_normalization,,-,2016 год,январь-март,unavailable_source_marker,True,False,False,published_source_vintage,candidate,https://rosstat.gov.ru/enterprise_industrial
FNS-77,г. Москва,2016-04-30,YTD,2016-01-01,4,B,Mining and quarrying,Добыча полезных ископаемых,,same_period_previous_year_pct,Weight base not stated in this sheet,,2026-02-06,ind_sub_2018_12-2025.xlsx,c4ab90d9f4cd20b8bcd02f06aab588b3c1ba03bc99f1d07889a83ead29f5fa13,rosstat-cumulative-c4ab90d9f4cd,5,Q25,г. Москва ,typography_normalization,,-,2016 год,январь-апрель,unavailable_source_marker,True,False,False,published_source_vintage,candidate,https://rosstat.gov.ru/enterprise_industrial
FNS-77,г. Москва,2016-05-31,YTD,2016-01-01,5,B,Mining and quarrying,Добыча полезных ископаемых,,same_period_previous_year_pct,Weight base not stated in this sheet,,2026-02-06,ind_sub_2018_12-2025.xlsx,c4ab90d9f4cd20b8bcd02f06aab588b3c1ba03bc99f1d07889a83ead29f5fa13,rosstat-cumulative-c4ab90d9f4cd,5,R25,г. Москва ,typography_normalization,,-,2016 год,январь-май,unavailable_source_marker,True,False,False,published_source_vintage,candidate,https://rosstat.gov.ru/enterprise_industrial
FNS-77,г. Москва,2016-06-30,YTD,2016-01-01,6,B,Mining and quarrying,Добыча полезных ископаемых,,same_period_previous_year_pct,Weight base not stated in this sheet,,2026-02-06,ind_sub_2018_12-2025.xlsx,c4ab90d9f4cd20b8bcd02f06aab588b3c1ba03bc99f1d07889a83ead29f5fa13,rosstat-cumulative-c4ab90d9f4cd,5,S25,г. Москва ,typography_normalization,,-,2016 год,январь-июнь,unavailable_source_marker,True,False,False,published_source_vintage,candidate,https://rosstat.gov.ru/enterprise_industrial
FNS-77,г. Москва,2016-07-31,YTD,2016-01-01,7,B,Mining and quarrying,Добыча полезных ископаемых,,same_period_previous_year_pct,Weight base not stated in this sheet,,2026-02-06,ind_sub_2018_12-2025.xlsx,c4ab90d9f4cd20b8bcd02f06aab588b3c1ba03bc99f1d07889a83ead29f5fa13,rosstat-cumulative-c4ab90d9f4cd,5,T25,г. Москва ,typography_normalization,,-,2016 год,январь-июль,unavailable_source_marker,True,False,False,published_source_vintage,candidate,https://rosstat.gov.ru/enterprise_industrial
FNS-77,г. Москва,2016-08-31,YTD,2016-01-01,8,B,Mining and quarrying,Добыча полезных ископаемых,,same_period_previous_year_pct,Weight base not stated in this sheet,,2026-02-06,ind_sub_2018_12-2025.xlsx,c4ab90d9f4cd20b8bcd02f06aab588b3c1ba03bc99f1d07889a83ead29f5fa13,rosstat-cumulative-c4ab90d9f4cd,5,U25,г. Москва ,typography_normalization,,-,2016 год,январь-август,unavailable_source_marker,True,False,False,published_source_vintage,candidate,https://rosstat.gov.ru/enterprise_industrial
FNS-77,г. Москва,2016-09-30,YTD,2016-01-01,9,B,Mining and quarrying,Добыча полезных ископаемых,,same_period_previous_year_pct,Weight base not stated in this sheet,,2026-02-06,ind_sub_2018_12-2025.xlsx,c4ab90d9f4cd20b8bcd02f06aab588b3c1ba03bc99f1d07889a83ead29f5fa13,rosstat-cumulative-c4ab90d9f4cd,5,V25,г. Москва ,typography_normalization,,-,2016 год,январь-сентябрь,unavailable_source_marker,True,False,False,published_source_vintage,candidate,https://rosstat.gov.ru/enterprise_industrial
FNS-77,г. Москва,2016-10-31,YTD,2016-01-01,10,B,Mining and quarrying,Добыча полезных ископаемых,,same_period_previous_year_pct,Weight base not stated in this sheet,,2026-02-06,ind_sub_2018_12-2025.xlsx,c4ab90d9f4cd20b8bcd02f06aab588b3c1ba03bc99f1d07889a83ead29f5fa13,rosstat-cumulative-c4ab90d9f4cd,5,W25,г. Москва ,typography_normalization,,-,2016 год,январь-октябрь,unavailable_source_marker,True,False,False,published_source_vintage,candidate,https://rosstat.gov.ru/enterprise_industrial
FNS-77,г. Москва,2016-11-30,YTD,2016-01-01,11,B,Mining and quarrying,Добыча полезных ископаемых,,same_period_previous_year_pct,Weight base not stated in this sheet,,2026-02-06,ind_sub_2018_12-2025.xlsx,c4ab90d9f4cd20b8bcd02f06aab588b3c1ba03bc99f1d07889a83ead29f5fa13,rosstat-cumulative-c4ab90d9f4cd,5,X25,г. Москва ,typography_normalization,,-,2016 год,январь-ноябрь,unavailable_source_marker,True,False,False,published_source_vintage,candidate,https://rosstat.gov.ru/enterprise_industrial
FNS-77,г. Москва,2016-12-31,YTD,2016-01-01,12,B,Mining and quarrying,Добыча полезных ископаемых,,same_period_previous_year_pct,Weight base not stated in this sheet,,2026-02-06,ind_sub_2018_12-2025.xlsx,c4ab90d9f4cd20b8bcd02f06aab588b3c1ba03bc99f1d07889a83ead29f5fa13,rosstat-cumulative-c4ab90d9f4cd,5,Y25,г. Москва ,typography_normalization,,-,2016 год,январь-декабрь,unavailable_source_marker,True,False,False,published_source_vintage,candidate,https://rosstat.gov.ru/enterprise_industrial
FNS-77,г. Москва,2017-01-31,YTD,2017-01-01,1,B,Mining and quarrying,Добыча полезных ископаемых,,same_period_previous_year_pct,Weight base not stated in this sheet,,2026-02-06,ind_sub_2018_12-2025.xlsx,c4ab90d9f4cd20b8bcd02f06aab588b3c1ba03bc99f1d07889a83ead29f5fa13,rosstat-cumulative-c4ab90d9f4cd,5,Z25,г. Москва ,typography_normalization,,-,2017 год,январь,unavailable_source_marker,True,False,False,published_source_vintage,candidate,https://rosstat.gov.ru/enterprise_industrial
FNS-77,г. Москва,2017-02-28,YTD,2017-01-01,2,B,Mining and quarrying,Добыча полезных ископаемых,,same_period_previous_year_pct,Weight base not stated in this sheet,,2026-02-06,ind_sub_2018_12-2025.xlsx,c4ab90d9f4cd20b8bcd02f06aab588b3c1ba03bc99f1d07889a83ead29f5fa13,rosstat-cumulative-c4ab90d9f4cd,5,AA25,г. Москва ,typography_normalization,,-,2017 год,январь-февраль,unavailable_source_marker,True,False,False,published_source_vintage,candidate,https://rosstat.gov.ru/enterprise_industrial
FNS-77,г. Москва,2017-03-31,YTD,2017-01-01,3,B,Mining and quarrying,Добыча полезных ископаемых,,same_period_previous_year_pct,Weight base not stated in this sheet,,2026-02-06,ind_sub_2018_12-2025.xlsx,c4ab90d9f4cd20b8bcd02f06aab588b3c1ba03bc99f1d07889a83ead29f5fa13,rosstat-cumulative-c4ab90d9f4cd,5,AB25,г. Москва ,typography_normalization,,-,2017 год,январь-март,unavailable_source_marker,True,False,False,published_source_vintage,candidate,https://rosstat.gov.ru/enterprise_industrial
FNS-77,г. Москва,2017-04-30,YTD,2017-01-01,4,B,Mining and quarrying,Добыча полезных ископаемых,,same_period_previous_year_pct,Weight base not stated in this sheet,,2026-02-06,ind_sub_2018_12-2025.xlsx,c4ab90d9f4cd20b8bcd02f06aab588b3c1ba03bc99f1d07889a83ead29f5fa13,rosstat-cumulative-c4ab90d9f4cd,5,AC25,г. Москва ,typography_normalization,,-,2017 год,январь-апрель,unavailable_source_marker,True,False,False,published_source_vintage,candidate,https://rosstat.gov.ru/enterprise_industrial
FNS-77,г. Москва,2017-05-31,YTD,2017-01-01,5,B,Mining and quarrying,Добыча полезных ископаемых,,same_period_previous_year_pct,Weight base not stated in this sheet,,2026-02-06,ind_sub_2018_12-2025.xlsx,c4ab90d9f4cd20b8bcd02f06aab588b3c1ba03bc99f1d07889a83ead29f5fa13,rosstat-cumulative-c4ab90d9f4cd,5,AD25,г. Москва ,typography_normalization,,-,2017 год,январь-май,unavailable_source_marker,True,False,False,published_source_vintage,candidate,https://rosstat.gov.ru/enterprise_industrial
FNS-77,г. Москва,2017-06-30,YTD,2017-01-01,6,B,Mining and quarrying,Добыча полезных ископаемых,,same_period_previous_year_pct,Weight base not stated in this sheet,,2026-02-06,ind_sub_2018_12-2025.xlsx,c4ab90d9f4cd20b8bcd02f06aab588b3c1ba03bc99f1d07889a83ead29f5fa13,rosstat-cumulative-c4ab90d9f4cd,5,AE25,г. Москва ,typography_normalization,,-,2017 год,январь-июнь,unavailable_source_marker,True,False,False,published_source_vintage,candidate,https://rosstat.gov.ru/enterprise_industrial
FNS-77,г. Москва,2017-07-31,YTD,2017-01-01,7,B,Mining and quarrying,Добыча полезных ископаемых,,same_period_previous_year_pct,Weight base not stated in this sheet,,2026-02-06,ind_sub_2018_12-2025.xlsx,c4ab90d9f4cd20b8bcd02f06aab588b3c1ba03bc99f1d07889a83ead29f5fa13,rosstat-cumulative-c4ab90d9f4cd,5,AF25,г. Москва ,typography_normalization,,-,2017 год,январь-июль,unavailable_source_marker,True,False,False,published_source_vintage,candidate,https://rosstat.gov.ru/enterprise_industrial
FNS-77,г. Москва,2017-08-31,YTD,2017-01-01,8,B,Mining and quarrying,Добыча полезных ископаемых,,same_period_previous_year_pct,Weight base not stated in this sheet,,2026-02-06,ind_sub_2018_12-2025.xlsx,c4ab90d9f4cd20b8bcd02f06aab588b3c1ba03bc99f1d07889a83ead29f5fa13,rosstat-cumulative-c4ab90d9f4cd,5,AG25,г. Москва ,typography_normalization,,-,2017 год,январь-август,unavailable_source_marker,True,False,False,published_source_vintage,candidate,https://rosstat.gov.ru/enterprise_industrial
FNS-77,г. Москва,2017-09-30,YTD,2017-01-01,9,B,Mining and quarrying,Добыча полезных ископаемых,,same_period_previous_year_pct,Weight base not stated in this sheet,,2026-02-06,ind_sub_2018_12-2025.xlsx,c4ab90d9f4cd20b8bcd02f06aab588b3c1ba03bc99f1d07889a83ead29f5fa13,rosstat-cumulative-c4ab90d9f4cd,5,AH25,г. Москва ,typography_normalization,,-,2017 год,январь-сентябрь,unavailable_source_marker,True,False,False,published_source_vintage,candidate,https://rosstat.gov.ru/enterprise_industrial
FNS-77,г. Москва,2017-10-31,YTD,2017-01-01,10,B,Mining and quarrying,Добыча полезных ископаемых,,same_period_previous_year_pct,Weight base not stated in this sheet,,2026-02-06,ind_sub_2018_12-2025.xlsx,c4ab90d9f4cd20b8bcd02f06aab588b3c1ba03bc99f1d07889a83ead29f5fa13,rosstat-cumulative-c4ab90d9f4cd,5,AI25,г. Москва ,typography_normalization,,-,2017 год,январь-октябрь,unavailable_source_marker,True,False,False,published_source_vintage,candidate,https://rosstat.gov.ru/enterprise_industrial
FNS-77,г. Москва,2017-11-30,YTD,2017-01-01,11,B,Mining and quarrying,Добыча полезных ископаемых,,same_period_previous_year_pct,Weight base not stated in this sheet,,2026-02-06,ind_sub_2018_12-2025.xlsx,c4ab90d9f4cd20b8bcd02f06aab588b3c1ba03bc99f1d07889a83ead29f5fa13,rosstat-cumulative-c4ab90d9f4cd,5,AJ25,г. Москва ,typography_normalization,,-,2017 год,январь-ноябрь,unavailable_source_marker,True,False,False,published_source_vintage,candidate,https://rosstat.gov.ru/enterprise_industrial
FNS-77,г. Москва,2017-12-31,YTD,2017-01-01,12,B,Mining and quarrying,Добыча полезных ископаемых,,same_period_previous_year_pct,Weight base not stated in this sheet,,2026-02-06,ind_sub_2018_12-2025.xlsx,c4ab90d9f4cd20b8bcd02f06aab588b3c1ba03bc99f1d07889a83ead29f5fa13,rosstat-cumulative-c4ab90d9f4cd,5,AK25,г. Москва ,typography_normalization,,-,2017 год,январь-декабрь,unavailable_source_marker,True,False,False,published_source_vintage,candidate,https://rosstat.gov.ru/enterprise_industrial
FNS-77,г. Москва,2018-01-31,YTD,2018-01-01,1,B,Mining and quarrying,Добыча полезных ископаемых,,same_period_previous_year_pct,Weight base not stated in this sheet,,2026-02-06,ind_sub_2018_12-2025.xlsx,c4ab90d9f4cd20b8bcd02f06aab588b3c1ba03bc99f1d07889a83ead29f5fa13,rosstat-cumulative-c4ab90d9f4cd,5,AL25,г. Москва ,typography_normalization,,-,2018 год,январь,unavailable_source_marker,True,False,False,published_source_vintage,candidate,https://rosstat.gov.ru/enterprise_industrial
FNS-77,г. Москва,2018-02-28,YTD,2018-01-01,2,B,Mining and quarrying,Добыча полезных ископаемых,,same_period_previous_year_pct,Weight base not stated in this sheet,,2026-02-06,ind_sub_2018_12-2025.xlsx,c4ab90d9f4cd20b8bcd02f06aab588b3c1ba03bc99f1d07889a83ead29f5fa13,rosstat-cumulative-c4ab90d9f4cd,5,AM25,г. Москва ,typography_normalization,,-,2018 год,январь-февраль,unavailable_source_marker,True,False,False,published_source_vintage,candidate,https://rosstat.gov.ru/enterprise_industrial
FNS-77,г. Москва,2018-03-31,YTD,2018-01-01,3,B,Mining and quarrying,Добыча полезных ископаемых,,same_period_previous_year_pct,Weight base not stated in this sheet,,2026-02-06,ind_sub_2018_12-2025.xlsx,c4ab90d9f4cd20b8bcd02f06aab588b3c1ba03bc99f1d07889a83ead29f5fa13,rosstat-cumulative-c4ab90d9f4cd,5,AN25,г. Москва ,typography_normalization,,-,2018 год,январь-март,unavailable_source_marker,True,False,False,published_source_vintage,candidate,https://rosstat.gov.ru/enterprise_industrial
FNS-77,г. Москва,2018-04-30,YTD,2018-01-01,4,B,Mining and quarrying,Добыча полезных ископаемых,,same_period_previous_year_pct,Weight base not stated in this sheet,,2026-02-06,ind_sub_2018_12-2025.xlsx,c4ab90d9f4cd20b8bcd02f06aab588b3c1ba03bc99f1d07889a83ead29f5fa13,rosstat-cumulative-c4ab90d9f4cd,5,AO25,г. Москва ,typography_normalization,,-,2018 год,январь-апрель,unavailable_source_marker,True,False,False,published_source_vintage,candidate,https://rosstat.gov.ru/enterprise_industrial
FNS-77,г. Москва,2018-05-31,YTD,2018-01-01,5,B,Mining and quarrying,Добыча полезных ископаемых,,same_period_previous_year_pct,Weight base not stated in this sheet,,2026-02-06,ind_sub_2018_12-2025.xlsx,c4ab90d9f4cd20b8bcd02f06aab588b3c1ba03bc99f1d07889a83ead29f5fa13,rosstat-cumulative-c4ab90d9f4cd,5,AP25,г. Москва ,typography_normalization,,-,2018 год,январь-май,unavailable_source_marker,True,False,False,published_source_vintage,candidate,https://rosstat.gov.ru/enterprise_industrial
FNS-77,г. Москва,2018-06-30,YTD,2018-01-01,6,B,Mining and quarrying,Добыча полезных ископаемых,,same_period_previous_year_pct,Weight base not stated in this sheet,,2026-02-06,ind_sub_2018_12-2025.xlsx,c4ab90d9f4cd20b8bcd02f06aab588b3c1ba03bc99f1d07889a83ead29f5fa13,rosstat-cumulative-c4ab90d9f4cd,5,AQ25,г. Москва ,typography_normalization,,-,2018 год,январь-июнь,unavailable_source_marker,True,False,False,published_source_vintage,candidate,https://rosstat.gov.ru/enterprise_industrial
FNS-77,г. Москва,2018-07-31,YTD,2018-01-01,7,B,Mining and quarrying,Добыча полезных ископаемых,,same_period_previous_year_pct,Weight base not stated in this sheet,,2026-02-06,ind_sub_2018_12-2025.xlsx,c4ab90d9f4cd20b8bcd02f06aab588b3c1ba03bc99f1d07889a83ead29f5fa13,rosstat-cumulative-c4ab90d9f4cd,5,AR25,г. Москва ,typography_normalization,,-,2018 год,январь-июль,unavailable_source_marker,True,False,False,published_source_vintage,candidate,https://rosstat.gov.ru/enterprise_industrial
FNS-77,г. Москва,2018-08-31,YTD,2018-01-01,8,B,Mining and quarrying,Добыча полезных ископаемых,,same_period_previous_year_pct,Weight base not stated in this sheet,,2026-02-06,ind_sub_2018_12-2025.xlsx,c4ab90d9f4cd20b8bcd02f06aab588b3c1ba03bc99f1d07889a83ead29f5fa13,rosstat-cumulative-c4ab90d9f4cd,5,AS25,г. Москва ,typography_normalization,,-,2018 год,январь-август,unavailable_source_marker,True,False,False,published_source_vintage,candidate,https://rosstat.gov.ru/enterprise_industrial
FNS-77,г. Москва,2018-09-30,YTD,2018-01-01,9,B,Mining and quarrying,Добыча полезных ископаемых,,same_period_previous_year_pct,Weight base not stated in this sheet,,2026-02-06,ind_sub_2018_12-2025.xlsx,c4ab90d9f4cd20b8bcd02f06aab588b3c1ba03bc99f1d07889a83ead29f5fa13,rosstat-cumulative-c4ab90d9f4cd,5,AT25,г. Москва ,typography_normalization,,-,2018 год,январь-сентябрь,unavailable_source_marker,True,False,False,published_source_vintage,candidate,https://rosstat.gov.ru/enterprise_industrial
FNS-77,г. Москва,2018-10-31,YTD,2018-01-01,10,B,Mining and quarrying,Добыча полезных ископаемых,,same_period_previous_year_pct,Weight base not stated in this sheet,,2026-02-06,ind_sub_2018_12-2025.xlsx,c4ab90d9f4cd20b8bcd02f06aab588b3c1ba03bc99f1d07889a83ead29f5fa13,rosstat-cumulative-c4ab90d9f4cd,5,AU25,г. Москва ,typography_normalization,,-,2018 год,январь-октябрь,unavailable_source_marker,True,False,False,published_source_vintage,candidate,https://rosstat.gov.ru/enterprise_industrial
FNS-77,г. Москва,2018-11-30,YTD,2018-01-01,11,B,Mining and quarrying,Добыча полезных ископаемых,,same_period_previous_year_pct,Weight base not stated in this sheet,,2026-02-06,ind_sub_2018_12-2025.xlsx,c4ab90d9f4cd20b8bcd02f06aab588b3c1ba03bc99f1d07889a83ead29f5fa13,rosstat-cumulative-c4ab90d9f4cd,5,AV25,г. Москва ,typography_normalization,,-,2018 год,январь-ноябрь,unavailable_source_marker,True,False,False,published_source_vintage,candidate,https://rosstat.gov.ru/enterprise_industrial
FNS-77,г. Москва,2018-12-31,YTD,2018-01-01,12,B,Mining and quarrying,Добыча полезных ископаемых,,same_period_previous_year_pct,Weight base not stated in this sheet,,2026-02-06,ind_sub_2018_12-2025.xlsx,c4ab90d9f4cd20b8bcd02f06aab588b3c1ba03bc99f1d07889a83ead29f5fa13,rosstat-cumulative-c4ab90d9f4cd,5,AW25,г. Москва ,typography_normalization,,-,2018 год,январь-декабрь,unavailable_source_marker,True,False,False,published_source_vintage,candidate,https://rosstat.gov.ru/enterprise_industrial
FNS-77,г. Москва,2019-01-31,YTD,2019-01-01,1,B,Mining and quarrying,Добыча полезных ископаемых,,same_period_previous_year_pct,Weight base not stated in this sheet,,2026-02-06,ind_sub_2018_12-2025.xlsx,c4ab90d9f4cd20b8bcd02f06aab588b3c1ba03bc99f1d07889a83ead29f5fa13,rosstat-cumulative-c4ab90d9f4cd,5,AX25,г. Москва ,typography_normalization,,-,2019 год,январь,unavailable_source_marker,True,False,False,published_source_vintage,candidate,https://rosstat.gov.ru/enterprise_industrial
FNS-77,г. Москва,2019-02-28,YTD,2019-01-01,2,B,Mining and quarrying,Добыча полезных ископаемых,,same_period_previous_year_pct,Weight base not stated in this sheet,,2026-02-06,ind_sub_2018_12-2025.xlsx,c4ab90d9f4cd20b8bcd02f06aab588b3c1ba03bc99f1d07889a83ead29f5fa13,rosstat-cumulative-c4ab90d9f4cd,5,AY25,г. Москва ,typography_normalization,,-,2019 год,январь-февраль,unavailable_source_marker,True,False,False,published_source_vintage,candidate,https://rosstat.gov.ru/enterprise_industrial
FNS-77,г. Москва,2019-03-31,YTD,2019-01-01,3,B,Mining and quarrying,Добыча полезных ископаемых,,same_period_previous_year_pct,Weight base not stated in this sheet,,2026-02-06,ind_sub_2018_12-2025.xlsx,c4ab90d9f4cd20b8bcd02f06aab588b3c1ba03bc99f1d07889a83ead29f5fa13,rosstat-cumulative-c4ab90d9f4cd,5,AZ25,г. Москва ,typography_normalization,,-,2019 год,январь-март,unavailable_source_marker,True,False,False,published_source_vintage,candidate,https://rosstat.gov.ru/enterprise_industrial
FNS-77,г. Москва,2019-04-30,YTD,2019-01-01,4,B,Mining and quarrying,Добыча полезных ископаемых,,same_period_previous_year_pct,Weight base not stated in this sheet,,2026-02-06,ind_sub_2018_12-2025.xlsx,c4ab90d9f4cd20b8bcd02f06aab588b3c1ba03bc99f1d07889a83ead29f5fa13,rosstat-cumulative-c4ab90d9f4cd,5,BA25,г. Москва ,typography_normalization,,-,2019 год,январь-апрель,unavailable_source_marker,True,False,False,published_source_vintage,candidate,https://rosstat.gov.ru/enterprise_industrial
FNS-77,г. Москва,2019-05-31,YTD,2019-01-01,5,B,Mining and quarrying,Добыча полезных ископаемых,,same_period_previous_year_pct,Weight base not stated in this sheet,,2026-02-06,ind_sub_2018_12-2025.xlsx,c4ab90d9f4cd20b8bcd02f06aab588b3c1ba03bc99f1d07889a83ead29f5fa13,rosstat-cumulative-c4ab90d9f4cd,5,BB25,г. Москва ,typography_normalization,,-,2019 год,январь-май,unavailable_source_marker,True,False,False,published_source_vintage,candidate,https://rosstat.gov.ru/enterprise_industrial
FNS-77,г. Москва,2019-06-30,YTD,2019-01-01,6,B,Mining and quarrying,Добыча полезных ископаемых,,same_period_previous_year_pct,Weight base not stated in this sheet,,2026-02-06,ind_sub_2018_12-2025.xlsx,c4ab90d9f4cd20b8bcd02f06aab588b3c1ba03bc99f1d07889a83ead29f5fa13,rosstat-cumulative-c4ab90d9f4cd,5,BC25,г. Москва ,typography_normalization,,-,2019 год,январь-июнь,unavailable_source_marker,True,False,False,published_source_vintage,candidate,https://rosstat.gov.ru/enterprise_industrial
FNS-77,г. Москва,2019-07-31,YTD,2019-01-01,7,B,Mining and quarrying,Добыча полезных ископаемых,,same_period_previous_year_pct,Weight base not stated in this sheet,,2026-02-06,ind_sub_2018_12-2025.xlsx,c4ab90d9f4cd20b8bcd02f06aab588b3c1ba03bc99f1d07889a83ead29f5fa13,rosstat-cumulative-c4ab90d9f4cd,5,BD25,г. Москва ,typography_normalization,,-,2019 год,январь-июль,unavailable_source_marker,True,False,False,published_source_vintage,candidate,https://rosstat.gov.ru/enterprise_industrial
FNS-77,г. Москва,2019-08-31,YTD,2019-01-01,8,B,Mining and quarrying,Добыча полезных ископаемых,,same_period_previous_year_pct,Weight base not stated in this sheet,,2026-02-06,ind_sub_2018_12-2025.xlsx,c4ab90d9f4cd20b8bcd02f06aab588b3c1ba03bc99f1d07889a83ead29f5fa13,rosstat-cumulative-c4ab90d9f4cd,5,BE25,г. Москва ,typography_normalization,,-,2019 год,январь-август,unavailable_source_marker,True,False,False,published_source_vintage,candidate,https://rosstat.gov.ru/enterprise_industrial
FNS-77,г. Москва,2019-09-30,YTD,2019-01-01,9,B,Mining and quarrying,Добыча полезных ископаемых,,same_period_previous_year_pct,Weight base not stated in this sheet,,2026-02-06,ind_sub_2018_12-2025.xlsx,c4ab90d9f4cd20b8bcd02f06aab588b3c1ba03bc99f1d07889a83ead29f5fa13,rosstat-cumulative-c4ab90d9f4cd,5,BF25,г. Москва ,typography_normalization,,-,2019 год,январь-сентябрь,unavailable_source_marker,True,False,False,published_source_vintage,candidate,https://rosstat.gov.ru/enterprise_industrial
FNS-77,г. Москва,2019-10-31,YTD,2019-01-01,10,B,Mining and quarrying,Добыча полезных ископаемых,,same_period_previous_year_pct,Weight base not stated in this sheet,,2026-02-06,ind_sub_2018_12-2025.xlsx,c4ab90d9f4cd20b8bcd02f06aab588b3c1ba03bc99f1d07889a83ead29f5fa13,rosstat-cumulative-c4ab90d9f4cd,5,BG25,г. Москва ,typography_normalization,,-,2019 год,январь-октябрь,unavailable_source_marker,True,False,False,published_source_vintage,candidate,https://rosstat.gov.ru/enterprise_industrial
FNS-77,г. Москва,2019-11-30,YTD,2019-01-01,11,B,Mining and quarrying,Добыча полезных ископаемых,,same_period_previous_year_pct,Weight base not stated in this sheet,,2026-02-06,ind_sub_2018_12-2025.xlsx,c4ab90d9f4cd20b8bcd02f06aab588b3c1ba03bc99f1d07889a83ead29f5fa13,rosstat-cumulative-c4ab90d9f4cd,5,BH25,г. Москва ,typography_normalization,,-,2019 год,январь-ноябрь,unavailable_source_marker,True,False,False,published_source_vintage,candidate,https://rosstat.gov.ru/enterprise_industrial
FNS-77,г. Москва,2019-12-31,YTD,2019-01-01,12,B,Mining and quarrying,Добыча полезных ископаемых,,same_period_previous_year_pct,Weight base not stated in this sheet,,2026-02-06,ind_sub_2018_12-2025.xlsx,c4ab90d9f4cd20b8bcd02f06aab588b3c1ba03bc99f1d07889a83ead29f5fa13,rosstat-cumulative-c4ab90d9f4cd,5,BI25,г. Москва ,typography_normalization,,-,2019 год,январь-декабрь,unavailable_source_marker,True,False,False,published_source_vintage,candidate,https://rosstat.gov.ru/enterprise_industrial
FNS-77,г. Москва,2020-01-31,YTD,2020-01-01,1,B,Mining and quarrying,Добыча полезных ископаемых,,same_period_previous_year_pct,Weight base not stated in this sheet,,2026-08-26,ind_sub_2023_07-2026.xlsx,506c55c26e8c18bb9d506894bfb1a894cd4af78ab39ded03ed29cbb5167989e0,rosstat-cumulative-506c55c26e8c,5,B25,г. Москва ,typography_normalization,,-,2020 год,январь,unavailable_source_marker,True,False,False,published_source_vintage,candidate,https://rosstat.gov.ru/enterprise_industrial
FNS-77,г. Москва,2020-02-29,YTD,2020-01-01,2,B,Mining and quarrying,Добыча полезных ископаемых,,same_period_previous_year_pct,Weight base not stated in this sheet,,2026-08-26,ind_sub_2023_07-2026.xlsx,506c55c26e8c18bb9d506894bfb1a894cd4af78ab39ded03ed29cbb5167989e0,rosstat-cumulative-506c55c26e8c,5,C25,г. Москва ,typography_normalization,,-,2020 год,январь-февраль,unavailable_source_marker,True,False,False,published_source_vintage,candidate,https://rosstat.gov.ru/enterprise_industrial
FNS-77,г. Москва,2020-03-31,YTD,2020-01-01,3,B,Mining and quarrying,Добыча полезных ископаемых,,same_period_previous_year_pct,Weight base not stated in this sheet,,2026-08-26,ind_sub_2023_07-2026.xlsx,506c55c26e8c18bb9d506894bfb1a894cd4af78ab39ded03ed29cbb5167989e0,rosstat-cumulative-506c55c26e8c,5,D25,г. Москва ,typography_normalization,,-,2020 год,январь-март,unavailable_source_marker,True,False,False,published_source_vintage,candidate,https://rosstat.gov.ru/enterprise_industrial
FNS-77,г. Москва,2020-04-30,YTD,2020-01-01,4,B,Mining and quarrying,Добыча полезных ископаемых,,same_period_previous_year_pct,Weight base not stated in this sheet,,2026-08-26,ind_sub_2023_07-2026.xlsx,506c55c26e8c18bb9d506894bfb1a894cd4af78ab39ded03ed29cbb5167989e0,rosstat-cumulative-506c55c26e8c,5,E25,г. Москва ,typography_normalization,,-,2020 год,январь-апрель,unavailable_source_marker,True,False,False,published_source_vintage,candidate,https://rosstat.gov.ru/enterprise_industrial
FNS-77,г. Москва,2020-05-31,YTD,2020-01-01,5,B,Mining and quarrying,Добыча полезных ископаемых,,same_period_previous_year_pct,Weight base not stated in this sheet,,2026-08-26,ind_sub_2023_07-2026.xlsx,506c55c26e8c18bb9d506894bfb1a894cd4af78ab39ded03ed29cbb5167989e0,rosstat-cumulative-506c55c26e8c,5,F25,г. Москва ,typography_normalization,,-,2020 год,январь-май,unavailable_source_marker,True,False,False,published_source_vintage,candidate,https://rosstat.gov.ru/enterprise_industrial
FNS-77,г. Москва,2020-06-30,YTD,2020-01-01,6,B,Mining and quarrying,Добыча полезных ископаемых,,same_period_previous_year_pct,Weight base not stated in this sheet,,2026-08-26,ind_sub_2023_07-2026.xlsx,506c55c26e8c18bb9d506894bfb1a894cd4af78ab39ded03ed29cbb5167989e0,rosstat-cumulative-506c55c26e8c,5,G25,г. Москва ,typography_normalization,,-,2020 год,январь-июнь,unavailable_source_marker,True,False,False,published_source_vintage,candidate,https://rosstat.gov.ru/enterprise_industrial
FNS-77,г. Москва,2020-07-31,YTD,2020-01-01,7,B,Mining and quarrying,Добыча полезных ископаемых,,same_period_previous_year_pct,Weight base not stated in this sheet,,2026-08-26,ind_sub_2023_07-2026.xlsx,506c55c26e8c18bb9d506894bfb1a894cd4af78ab39ded03ed29cbb5167989e0,rosstat-cumulative-506c55c26e8c,5,H25,г. Москва ,typography_normalization,,-,2020 год,январь-июль,unavailable_source_marker,True,False,False,published_source_vintage,candidate,https://rosstat.gov.ru/enterprise_industrial
FNS-77,г. Москва,2020-08-31,YTD,2020-01-01,8,B,Mining and quarrying,Добыча полезных ископаемых,,same_period_previous_year_pct,Weight base not stated in this sheet,,2026-08-26,ind_sub_2023_07-2026.xlsx,506c55c26e8c18bb9d506894bfb1a894cd4af78ab39ded03ed29cbb5167989e0,rosstat-cumulative-506c55c26e8c,5,I25,г. Москва ,typography_normalization,,-,2020 год,январь-август,unavailable_source_marker,True,False,False,published_source_vintage,candidate,https://rosstat.gov.ru/enterprise_industrial
FNS-77,г. Москва,2020-09-30,YTD,2020-01-01,9,B,Mining and quarrying,Добыча полезных ископаемых,,same_period_previous_year_pct,Weight base not stated in this sheet,,2026-08-26,ind_sub_2023_07-2026.xlsx,506c55c26e8c18bb9d506894bfb1a894cd4af78ab39ded03ed29cbb5167989e0,rosstat-cumulative-506c55c26e8c,5,J25,г. Москва ,typography_normalization,,-,2020 год,январь-сентябрь,unavailable_source_marker,True,False,False,published_source_vintage,candidate,https://rosstat.gov.ru/enterprise_industrial
FNS-77,г. Москва,2020-10-31,YTD,2020-01-01,10,B,Mining and quarrying,Добыча полезных ископаемых,,same_period_previous_year_pct,Weight base not stated in this sheet,,2026-08-26,ind_sub_2023_07-2026.xlsx,506c55c26e8c18bb9d506894bfb1a894cd4af78ab39ded03ed29cbb5167989e0,rosstat-cumulative-506c55c26e8c,5,K25,г. Москва ,typography_normalization,,-,2020 год,январь-октябрь,unavailable_source_marker,True,False,False,published_source_vintage,candidate,https://rosstat.gov.ru/enterprise_industrial
FNS-77,г. Москва,2020-11-30,YTD,2020-01-01,11,B,Mining and quarrying,Добыча полезных ископаемых,,same_period_previous_year_pct,Weight base not stated in this sheet,,2026-08-26,ind_sub_2023_07-2026.xlsx,506c55c26e8c18bb9d506894bfb1a894cd4af78ab39ded03ed29cbb5167989e0,rosstat-cumulative-506c55c26e8c,5,L25,г. Москва ,typography_normalization,,-,2020 год,январь-ноябрь,unavailable_source_marker,True,False,False,published_source_vintage,candidate,https://rosstat.gov.ru/enterprise_industrial
FNS-77,г. Москва,2020-12-31,YTD,2020-01-01,12,B,Mining and quarrying,Добыча полезных ископаемых,,same_period_previous_year_pct,Weight base not stated in this sheet,,2026-08-26,ind_sub_2023_07-2026.xlsx,506c55c26e8c18bb9d506894bfb1a894cd4af78ab39ded03ed29cbb5167989e0,rosstat-cumulative-506c55c26e8c,5,M25,г. Москва ,typography_normalization,,-,2020 год,январь-декабрь,unavailable_source_marker,True,False,False,published_source_vintage,candidate,https://rosstat.gov.ru/enterprise_industrial
FNS-77,г. Москва,2021-01-31,YTD,2021-01-01,1,B,Mining and quarrying,Добыча полезных ископаемых,,same_period_previous_year_pct,Weight base not stated in this sheet,,2026-08-26,ind_sub_2023_07-2026.xlsx,506c55c26e8c18bb9d506894bfb1a894cd4af78ab39ded03ed29cbb5167989e0,rosstat-cumulative-506c55c26e8c,5,N25,г. Москва ,typography_normalization,,-,2021 год,январь,unavailable_source_marker,True,False,False,published_source_vintage,candidate,https://rosstat.gov.ru/enterprise_industrial
FNS-77,г. Москва,2021-02-28,YTD,2021-01-01,2,B,Mining and quarrying,Добыча полезных ископаемых,,same_period_previous_year_pct,Weight base not stated in this sheet,,2026-08-26,ind_sub_2023_07-2026.xlsx,506c55c26e8c18bb9d506894bfb1a894cd4af78ab39ded03ed29cbb5167989e0,rosstat-cumulative-506c55c26e8c,5,O25,г. Москва ,typography_normalization,,-,2021 год,январь-февраль,unavailable_source_marker,True,False,False,published_source_vintage,candidate,https://rosstat.gov.ru/enterprise_industrial
FNS-77,г. Москва,2021-03-31,YTD,2021-01-01,3,B,Mining and quarrying,Добыча полезных ископаемых,,same_period_previous_year_pct,Weight base not stated in this sheet,,2026-08-26,ind_sub_2023_07-2026.xlsx,506c55c26e8c18bb9d506894bfb1a894cd4af78ab39ded03ed29cbb5167989e0,rosstat-cumulative-506c55c26e8c,5,P25,г. Москва ,typography_normalization,,-,2021 год,январь-март,unavailable_source_marker,True,False,False,published_source_vintage,candidate,https://rosstat.gov.ru/enterprise_industrial
FNS-77,г. Москва,2021-04-30,YTD,2021-01-01,4,B,Mining and quarrying,Добыча полезных ископаемых,,same_period_previous_year_pct,Weight base not stated in this sheet,,2026-08-26,ind_sub_2023_07-2026.xlsx,506c55c26e8c18bb9d506894bfb1a894cd4af78ab39ded03ed29cbb5167989e0,rosstat-cumulative-506c55c26e8c,5,Q25,г. Москва ,typography_normalization,,-,2021 год,январь-апрель,unavailable_source_marker,True,False,False,published_source_vintage,candidate,https://rosstat.gov.ru/enterprise_industrial
FNS-77,г. Москва,2021-05-31,YTD,2021-01-01,5,B,Mining and quarrying,Добыча полезных ископаемых,,same_period_previous_year_pct,Weight base not stated in this sheet,,2026-08-26,ind_sub_2023_07-2026.xlsx,506c55c26e8c18bb9d506894bfb1a894cd4af78ab39ded03ed29cbb5167989e0,rosstat-cumulative-506c55c26e8c,5,R25,г. Москва ,typography_normalization,,-,2021 год,январь-май,unavailable_source_marker,True,False,False,published_source_vintage,candidate,https://rosstat.gov.ru/enterprise_industrial
FNS-77,г. Москва,2021-06-30,YTD,2021-01-01,6,B,Mining and quarrying,Добыча полезных ископаемых,,same_period_previous_year_pct,Weight base not stated in this sheet,,2026-08-26,ind_sub_2023_07-2026.xlsx,506c55c26e8c18bb9d506894bfb1a894cd4af78ab39ded03ed29cbb5167989e0,rosstat-cumulative-506c55c26e8c,5,S25,г. Москва ,typography_normalization,,-,2021 год,январь-июнь,unavailable_source_marker,True,False,False,published_source_vintage,candidate,https://rosstat.gov.ru/enterprise_industrial
FNS-77,г. Москва,2021-07-31,YTD,2021-01-01,7,B,Mining and quarrying,Добыча полезных ископаемых,,same_period_previous_year_pct,Weight base not stated in this sheet,,2026-08-26,ind_sub_2023_07-2026.xlsx,506c55c26e8c18bb9d506894bfb1a894cd4af78ab39ded03ed29cbb5167989e0,rosstat-cumulative-506c55c26e8c,5,T25,г. Москва ,typography_normalization,,-,2021 год,январь-июль,unavailable_source_marker,True,False,False,published_source_vintage,candidate,https://rosstat.gov.ru/enterprise_industrial
FNS-77,г. Москва,2021-08-31,YTD,2021-01-01,8,B,Mining and quarrying,Добыча полезных ископаемых,,same_period_previous_year_pct,Weight base not stated in this sheet,,2026-08-26,ind_sub_2023_07-2026.xlsx,506c55c26e8c18bb9d506894bfb1a894cd4af78ab39ded03ed29cbb5167989e0,rosstat-cumulative-506c55c26e8c,5,U25,г. Москва ,typography_normalization,,-,2021 год,январь-август,unavailable_source_marker,True,False,False,published_source_vintage,candidate,https://rosstat.gov.ru/enterprise_industrial
FNS-77,г. Москва,2021-09-30,YTD,2021-01-01,9,B,Mining and quarrying,Добыча полезных ископаемых,,same_period_previous_year_pct,Weight base not stated in this sheet,,2026-08-26,ind_sub_2023_07-2026.xlsx,506c55c26e8c18bb9d506894bfb1a894cd4af78ab39ded03ed29cbb5167989e0,rosstat-cumulative-506c55c26e8c,5,V25,г. Москва ,typography_normalization,,-,2021 год,январь-сентябрь,unavailable_source_marker,True,False,False,published_source_vintage,candidate,https://rosstat.gov.ru/enterprise_industrial
FNS-77,г. Москва,2021-10-31,YTD,2021-01-01,10,B,Mining and quarrying,Добыча полезных ископаемых,,same_period_previous_year_pct,Weight base not stated in this sheet,,2026-08-26,ind_sub_2023_07-2026.xlsx,506c55c26e8c18bb9d506894bfb1a894cd4af78ab39ded03ed29cbb5167989e0,rosstat-cumulative-506c55c26e8c,5,W25,г. Москва ,typography_normalization,,-,2021 год,январь-октябрь,unavailable_source_marker,True,False,False,published_source_vintage,candidate,https://rosstat.gov.ru/enterprise_industrial
FNS-77,г. Москва,2021-11-30,YTD,2021-01-01,11,B,Mining and quarrying,Добыча полезных ископаемых,,same_period_previous_year_pct,Weight base not stated in this sheet,,2026-08-26,ind_sub_2023_07-2026.xlsx,506c55c26e8c18bb9d506894bfb1a894cd4af78ab39ded03ed29cbb5167989e0,rosstat-cumulative-506c55c26e8c,5,X25,г. Москва ,typography_normalization,,-,2021 год,январь-ноябрь,unavailable_source_marker,True,False,False,published_source_vintage,candidate,https://rosstat.gov.ru/enterprise_industrial
FNS-77,г. Москва,2021-12-31,YTD,2021-01-01,12,B,Mining and quarrying,Добыча полезных ископаемых,,same_period_previous_year_pct,Weight base not stated in this sheet,,2026-08-26,ind_sub_2023_07-2026.xlsx,506c55c26e8c18bb9d506894bfb1a894cd4af78ab39ded03ed29cbb5167989e0,rosstat-cumulative-506c55c26e8c,5,Y25,г. Москва ,typography_normalization,,-,2021 год,январь-декабрь,unavailable_source_marker,True,False,False,published_source_vintage,candidate,https://rosstat.gov.ru/enterprise_industrial
FNS-77,г. Москва,2022-01-31,YTD,2022-01-01,1,B,Mining and quarrying,Добыча полезных ископаемых,,same_period_previous_year_pct,Weight base not stated in this sheet,,2026-08-26,ind_sub_2023_07-2026.xlsx,506c55c26e8c18bb9d506894bfb1a894cd4af78ab39ded03ed29cbb5167989e0,rosstat-cumulative-506c55c26e8c,5,Z25,г. Москва ,typography_normalization,,-,2022 год,январь,unavailable_source_marker,True,False,False,published_source_vintage,candidate,https://rosstat.gov.ru/enterprise_industrial
FNS-77,г. Москва,2022-02-28,YTD,2022-01-01,2,B,Mining and quarrying,Добыча полезных ископаемых,,same_period_previous_year_pct,Weight base not stated in this sheet,,2026-08-26,ind_sub_2023_07-2026.xlsx,506c55c26e8c18bb9d506894bfb1a894cd4af78ab39ded03ed29cbb5167989e0,rosstat-cumulative-506c55c26e8c,5,AA25,г. Москва ,typography_normalization,,-,2022 год,январь-февраль,unavailable_source_marker,True,False,False,published_source_vintage,candidate,https://rosstat.gov.ru/enterprise_industrial
FNS-77,г. Москва,2022-03-31,YTD,2022-01-01,3,B,Mining and quarrying,Добыча полезных ископаемых,,same_period_previous_year_pct,Weight base not stated in this sheet,,2026-08-26,ind_sub_2023_07-2026.xlsx,506c55c26e8c18bb9d506894bfb1a894cd4af78ab39ded03ed29cbb5167989e0,rosstat-cumulative-506c55c26e8c,5,AB25,г. Москва ,typography_normalization,,-,2022 год,январь-март,unavailable_source_marker,True,False,False,published_source_vintage,candidate,https://rosstat.gov.ru/enterprise_industrial
FNS-77,г. Москва,2022-04-30,YTD,2022-01-01,4,B,Mining and quarrying,Добыча полезных ископаемых,,same_period_previous_year_pct,Weight base not stated in this sheet,,2026-08-26,ind_sub_2023_07-2026.xlsx,506c55c26e8c18bb9d506894bfb1a894cd4af78ab39ded03ed29cbb5167989e0,rosstat-cumulative-506c55c26e8c,5,AC25,г. Москва ,typography_normalization,,-,2022 год,январь-апрель,unavailable_source_marker,True,False,False,published_source_vintage,candidate,https://rosstat.gov.ru/enterprise_industrial
FNS-77,г. Москва,2022-05-31,YTD,2022-01-01,5,B,Mining and quarrying,Добыча полезных ископаемых,,same_period_previous_year_pct,Weight base not stated in this sheet,,2026-08-26,ind_sub_2023_07-2026.xlsx,506c55c26e8c18bb9d506894bfb1a894cd4af78ab39ded03ed29cbb5167989e0,rosstat-cumulative-506c55c26e8c,5,AD25,г. Москва ,typography_normalization,,-,2022 год,январь-май,unavailable_source_marker,True,False,False,published_source_vintage,candidate,https://rosstat.gov.ru/enterprise_industrial
FNS-77,г. Москва,2022-06-30,YTD,2022-01-01,6,B,Mining and quarrying,Добыча полезных ископаемых,,same_period_previous_year_pct,Weight base not stated in this sheet,,2026-08-26,ind_sub_2023_07-2026.xlsx,506c55c26e8c18bb9d506894bfb1a894cd4af78ab39ded03ed29cbb5167989e0,rosstat-cumulative-506c55c26e8c,5,AE25,г. Москва ,typography_normalization,,-,2022 год,январь-июнь,unavailable_source_marker,True,False,False,published_source_vintage,candidate,https://rosstat.gov.ru/enterprise_industrial
FNS-77,г. Москва,2022-07-31,YTD,2022-01-01,7,B,Mining and quarrying,Добыча полезных ископаемых,,same_period_previous_year_pct,Weight base not stated in this sheet,,2026-08-26,ind_sub_2023_07-2026.xlsx,506c55c26e8c18bb9d506894bfb1a894cd4af78ab39ded03ed29cbb5167989e0,rosstat-cumulative-506c55c26e8c,5,AF25,г. Москва ,typography_normalization,,-,2022 год,январь-июль,unavailable_source_marker,True,False,False,published_source_vintage,candidate,https://rosstat.gov.ru/enterprise_industrial
FNS-77,г. Москва,2022-08-31,YTD,2022-01-01,8,B,Mining and quarrying,Добыча полезных ископаемых,,same_period_previous_year_pct,Weight base not stated in this sheet,,2026-08-26,ind_sub_2023_07-2026.xlsx,506c55c26e8c18bb9d506894bfb1a894cd4af78ab39ded03ed29cbb5167989e0,rosstat-cumulative-506c55c26e8c,5,AG25,г. Москва ,typography_normalization,,-,2022 год,январь-август,unavailable_source_marker,True,False,False,published_source_vintage,candidate,https://rosstat.gov.ru/enterprise_industrial
FNS-77,г. Москва,2022-09-30,YTD,2022-01-01,9,B,Mining and quarrying,Добыча полезных ископаемых,,same_period_previous_year_pct,Weight base not stated in this sheet,,2026-08-26,ind_sub_2023_07-2026.xlsx,506c55c26e8c18bb9d506894bfb1a894cd4af78ab39ded03ed29cbb5167989e0,rosstat-cumulative-506c55c26e8c,5,AH25,г. Москва ,typography_normalization,,-,2022 год,январь-сентябрь,unavailable_source_marker,True,False,False,published_source_vintage,candidate,https://rosstat.gov.ru/enterprise_industrial
FNS-77,г. Москва,2022-10-31,YTD,2022-01-01,10,B,Mining and quarrying,Добыча полезных ископаемых,,same_period_previous_year_pct,Weight base not stated in this sheet,,2026-08-26,ind_sub_2023_07-2026.xlsx,506c55c26e8c18bb9d506894bfb1a894cd4af78ab39ded03ed29cbb5167989e0,rosstat-cumulative-506c55c26e8c,5,AI25,г. Москва ,typography_normalization,,-,2022 год,январь-октябрь,unavailable_source_marker,True,False,False,published_source_vintage,candidate,https://rosstat.gov.ru/enterprise_industrial
FNS-77,г. Москва,2022-11-30,YTD,2022-01-01,11,B,Mining and quarrying,Добыча полезных ископаемых,,same_period_previous_year_pct,Weight base not stated in this sheet,,2026-08-26,ind_sub_2023_07-2026.xlsx,506c55c26e8c18bb9d506894bfb1a894cd4af78ab39ded03ed29cbb5167989e0,rosstat-cumulative-506c55c26e8c,5,AJ25,г. Москва ,typography_normalization,,-,2022 год,январь-ноябрь,unavailable_source_marker,True,False,False,published_source_vintage,candidate,https://rosstat.gov.ru/enterprise_industrial
FNS-77,г. Москва,2022-12-31,YTD,2022-01-01,12,B,Mining and quarrying,Добыча полезных ископаемых,,same_period_previous_year_pct,Weight base not stated in this sheet,,2026-08-26,ind_sub_2023_07-2026.xlsx,506c55c26e8c18bb9d506894bfb1a894cd4af78ab39ded03ed29cbb5167989e0,rosstat-cumulative-506c55c26e8c,5,AK25,г. Москва ,typography_normalization,,-,2022 год,январь-декабрь,unavailable_source_marker,True,False,False,published_source_vintage,candidate,https://rosstat.gov.ru/enterprise_industrial
FNS-77,г. Москва,2023-01-31,YTD,2023-01-01,1,B,Mining and quarrying,Добыча полезных ископаемых,,same_period_previous_year_pct,Weight base not stated in this sheet,,2026-08-26,ind_sub_2023_07-2026.xlsx,506c55c26e8c18bb9d506894bfb1a894cd4af78ab39ded03ed29cbb5167989e0,rosstat-cumulative-506c55c26e8c,5,AL25,г. Москва ,typography_normalization,,-,2023 год,январь,unavailable_source_marker,True,False,False,published_source_vintage,candidate,https://rosstat.gov.ru/enterprise_industrial
FNS-77,г. Москва,2023-02-28,YTD,2023-01-01,2,B,Mining and quarrying,Добыча полезных ископаемых,,same_period_previous_year_pct,Weight base not stated in this sheet,,2026-08-26,ind_sub_2023_07-2026.xlsx,506c55c26e8c18bb9d506894bfb1a894cd4af78ab39ded03ed29cbb5167989e0,rosstat-cumulative-506c55c26e8c,5,AM25,г. Москва ,typography_normalization,,-,2023 год,январь-февраль,unavailable_source_marker,True,False,False,published_source_vintage,candidate,https://rosstat.gov.ru/enterprise_industrial
FNS-77,г. Москва,2023-03-31,YTD,2023-01-01,3,B,Mining and quarrying,Добыча полезных ископаемых,,same_period_previous_year_pct,Weight base not stated in this sheet,,2026-08-26,ind_sub_2023_07-2026.xlsx,506c55c26e8c18bb9d506894bfb1a894cd4af78ab39ded03ed29cbb5167989e0,rosstat-cumulative-506c55c26e8c,5,AN25,г. Москва ,typography_normalization,,-,2023 год,январь-март,unavailable_source_marker,True,False,False,published_source_vintage,candidate,https://rosstat.gov.ru/enterprise_industrial
FNS-77,г. Москва,2023-04-30,YTD,2023-01-01,4,B,Mining and quarrying,Добыча полезных ископаемых,,same_period_previous_year_pct,Weight base not stated in this sheet,,2026-08-26,ind_sub_2023_07-2026.xlsx,506c55c26e8c18bb9d506894bfb1a894cd4af78ab39ded03ed29cbb5167989e0,rosstat-cumulative-506c55c26e8c,5,AO25,г. Москва ,typography_normalization,,-,2023 год,январь-апрель,unavailable_source_marker,True,False,False,published_source_vintage,candidate,https://rosstat.gov.ru/enterprise_industrial
FNS-77,г. Москва,2023-05-31,YTD,2023-01-01,5,B,Mining and quarrying,Добыча полезных ископаемых,,same_period_previous_year_pct,Weight base not stated in this sheet,,2026-08-26,ind_sub_2023_07-2026.xlsx,506c55c26e8c18bb9d506894bfb1a894cd4af78ab39ded03ed29cbb5167989e0,rosstat-cumulative-506c55c26e8c,5,AP25,г. Москва ,typography_normalization,,-,2023 год,январь-май,unavailable_source_marker,True,False,False,published_source_vintage,candidate,https://rosstat.gov.ru/enterprise_industrial
FNS-77,г. Москва,2023-06-30,YTD,2023-01-01,6,B,Mining and quarrying,Добыча полезных ископаемых,,same_period_previous_year_pct,Weight base not stated in this sheet,,2026-08-26,ind_sub_2023_07-2026.xlsx,506c55c26e8c18bb9d506894bfb1a894cd4af78ab39ded03ed29cbb5167989e0,rosstat-cumulative-506c55c26e8c,5,AQ25,г. Москва ,typography_normalization,,-,2023 год,январь-июнь,unavailable_source_marker,True,False,False,published_source_vintage,candidate,https://rosstat.gov.ru/enterprise_industrial
FNS-77,г. Москва,2023-07-31,YTD,2023-01-01,7,B,Mining and quarrying,Добыча полезных ископаемых,,same_period_previous_year_pct,Weight base not stated in this sheet,,2026-08-26,ind_sub_2023_07-2026.xlsx,506c55c26e8c18bb9d506894bfb1a894cd4af78ab39ded03ed29cbb5167989e0,rosstat-cumulative-506c55c26e8c,5,AR25,г. Москва ,typography_normalization,,-,2023 год,январь-июль,unavailable_source_marker,True,False,False,published_source_vintage,candidate,https://rosstat.gov.ru/enterprise_industrial
FNS-77,г. Москва,2023-08-31,YTD,2023-01-01,8,B,Mining and quarrying,Добыча полезных ископаемых,,same_period_previous_year_pct,Weight base not stated in this sheet,,2026-08-26,ind_sub_2023_07-2026.xlsx,506c55c26e8c18bb9d506894bfb1a894cd4af78ab39ded03ed29cbb5167989e0,rosstat-cumulative-506c55c26e8c,5,AS25,г. Москва ,typography_normalization,,-,2023 год,январь-август,unavailable_source_marker,True,False,False,published_source_vintage,candidate,https://rosstat.gov.ru/enterprise_industrial
FNS-77,г. Москва,2023-09-30,YTD,2023-01-01,9,B,Mining and quarrying,Добыча полезных ископаемых,,same_period_previous_year_pct,Weight base not stated in this sheet,,2026-08-26,ind_sub_2023_07-2026.xlsx,506c55c26e8c18bb9d506894bfb1a894cd4af78ab39ded03ed29cbb5167989e0,rosstat-cumulative-506c55c26e8c,5,AT25,г. Москва ,typography_normalization,,-,2023 год,январь-сентябрь,unavailable_source_marker,True,False,False,published_source_vintage,candidate,https://rosstat.gov.ru/enterprise_industrial
FNS-77,г. Москва,2023-10-31,YTD,2023-01-01,10,B,Mining and quarrying,Добыча полезных ископаемых,,same_period_previous_year_pct,Weight base not stated in this sheet,,2026-08-26,ind_sub_2023_07-2026.xlsx,506c55c26e8c18bb9d506894bfb1a894cd4af78ab39ded03ed29cbb5167989e0,rosstat-cumulative-506c55c26e8c,5,AU25,г. Москва ,typography_normalization,,-,2023 год,январь-октябрь,unavailable_source_marker,True,False,False,published_source_vintage,candidate,https://rosstat.gov.ru/enterprise_industrial
FNS-77,г. Москва,2023-11-30,YTD,2023-01-01,11,B,Mining and quarrying,Добыча полезных ископаемых,,same_period_previous_year_pct,Weight base not stated in this sheet,,2026-08-26,ind_sub_2023_07-2026.xlsx,506c55c26e8c18bb9d506894bfb1a894cd4af78ab39ded03ed29cbb5167989e0,rosstat-cumulative-506c55c26e8c,5,AV25,г. Москва ,typography_normalization,,-,2023 год,январь-ноябрь,unavailable_source_marker,True,False,False,published_source_vintage,candidate,https://rosstat.gov.ru/enterprise_industrial
FNS-77,г. Москва,2023-12-31,YTD,2023-01-01,12,B,Mining and quarrying,Добыча полезных ископаемых,,same_period_previous_year_pct,Weight base not stated in this sheet,,2026-08-26,ind_sub_2023_07-2026.xlsx,506c55c26e8c18bb9d506894bfb1a894cd4af78ab39ded03ed29cbb5167989e0,rosstat-cumulative-506c55c26e8c,5,AW25,г. Москва ,typography_normalization,,-,2023 год,январь-декабрь,unavailable_source_marker,True,False,False,published_source_vintage,candidate,https://rosstat.gov.ru/enterprise_industrial
FNS-77,г. Москва,2024-01-31,YTD,2024-01-01,1,B,Mining and quarrying,Добыча полезных ископаемых,,same_period_previous_year_pct,Weight base not stated in this sheet,,2026-08-26,ind_sub_2023_07-2026.xlsx,506c55c26e8c18bb9d506894bfb1a894cd4af78ab39ded03ed29cbb5167989e0,rosstat-cumulative-506c55c26e8c,5,AX25,г. Москва ,typography_normalization,,-,2024 год,январь,unavailable_source_marker,True,False,False,published_source_vintage,candidate,https://rosstat.gov.ru/enterprise_industrial
FNS-77,г. Москва,2024-02-29,YTD,2024-01-01,2,B,Mining and quarrying,Добыча полезных ископаемых,,same_period_previous_year_pct,Weight base not stated in this sheet,,2026-08-26,ind_sub_2023_07-2026.xlsx,506c55c26e8c18bb9d506894bfb1a894cd4af78ab39ded03ed29cbb5167989e0,rosstat-cumulative-506c55c26e8c,5,AY25,г. Москва ,typography_normalization,,-,2024 год,январь-февраль,unavailable_source_marker,True,False,False,published_source_vintage,candidate,https://rosstat.gov.ru/enterprise_industrial
FNS-77,г. Москва,2024-03-31,YTD,2024-01-01,3,B,Mining and quarrying,Добыча полезных ископаемых,,same_period_previous_year_pct,Weight base not stated in this sheet,,2026-08-26,ind_sub_2023_07-2026.xlsx,506c55c26e8c18bb9d506894bfb1a894cd4af78ab39ded03ed29cbb5167989e0,rosstat-cumulative-506c55c26e8c,5,AZ25,г. Москва ,typography_normalization,,-,2024 год,январь-март,unavailable_source_marker,True,False,False,published_source_vintage,candidate,https://rosstat.gov.ru/enterprise_industrial
FNS-77,г. Москва,2024-04-30,YTD,2024-01-01,4,B,Mining and quarrying,Добыча полезных ископаемых,,same_period_previous_year_pct,Weight base not stated in this sheet,,2026-08-26,ind_sub_2023_07-2026.xlsx,506c55c26e8c18bb9d506894bfb1a894cd4af78ab39ded03ed29cbb5167989e0,rosstat-cumulative-506c55c26e8c,5,BA25,г. Москва ,typography_normalization,,-,2024 год,январь-апрель,unavailable_source_marker,True,False,False,published_source_vintage,candidate,https://rosstat.gov.ru/enterprise_industrial
FNS-77,г. Москва,2024-05-31,YTD,2024-01-01,5,B,Mining and quarrying,Добыча полезных ископаемых,,same_period_previous_year_pct,Weight base not stated in this sheet,,2026-08-26,ind_sub_2023_07-2026.xlsx,506c55c26e8c18bb9d506894bfb1a894cd4af78ab39ded03ed29cbb5167989e0,rosstat-cumulative-506c55c26e8c,5,BB25,г. Москва ,typography_normalization,,-,2024 год,январь-май,unavailable_source_marker,True,False,False,published_source_vintage,candidate,https://rosstat.gov.ru/enterprise_industrial
FNS-77,г. Москва,2024-06-30,YTD,2024-01-01,6,B,Mining and quarrying,Добыча полезных ископаемых,,same_period_previous_year_pct,Weight base not stated in this sheet,,2026-08-26,ind_sub_2023_07-2026.xlsx,506c55c26e8c18bb9d506894bfb1a894cd4af78ab39ded03ed29cbb5167989e0,rosstat-cumulative-506c55c26e8c,5,BC25,г. Москва ,typography_normalization,,-,2024 год,январь-июнь,unavailable_source_marker,True,False,False,published_source_vintage,candidate,https://rosstat.gov.ru/enterprise_industrial
FNS-77,г. Москва,2024-07-31,YTD,2024-01-01,7,B,Mining and quarrying,Добыча полезных ископаемых,,same_period_previous_year_pct,Weight base not stated in this sheet,,2026-08-26,ind_sub_2023_07-2026.xlsx,506c55c26e8c18bb9d506894bfb1a894cd4af78ab39ded03ed29cbb5167989e0,rosstat-cumulative-506c55c26e8c,5,BD25,г. Москва ,typography_normalization,,-,2024 год,январь-июль,unavailable_source_marker,True,False,False,published_source_vintage,candidate,https://rosstat.gov.ru/enterprise_industrial
FNS-77,г. Москва,2024-08-31,YTD,2024-01-01,8,B,Mining and quarrying,Добыча полезных ископаемых,,same_period_previous_year_pct,Weight base not stated in this sheet,,2026-08-26,ind_sub_2023_07-2026.xlsx,506c55c26e8c18bb9d506894bfb1a894cd4af78ab39ded03ed29cbb5167989e0,rosstat-cumulative-506c55c26e8c,5,BE25,г. Москва ,typography_normalization,,-,2024 год,январь-август,unavailable_source_marker,True,False,False,published_source_vintage,candidate,https://rosstat.gov.ru/enterprise_industrial
FNS-77,г. Москва,2024-09-30,YTD,2024-01-01,9,B,Mining and quarrying,Добыча полезных ископаемых,,same_period_previous_year_pct,Weight base not stated in this sheet,,2026-08-26,ind_sub_2023_07-2026.xlsx,506c55c26e8c18bb9d506894bfb1a894cd4af78ab39ded03ed29cbb5167989e0,rosstat-cumulative-506c55c26e8c,5,BF25,г. Москва ,typography_normalization,,-,2024 год,январь-сентябрь,unavailable_source_marker,True,False,False,published_source_vintage,candidate,https://rosstat.gov.ru/enterprise_industrial
FNS-77,г. Москва,2024-10-31,YTD,2024-01-01,10,B,Mining and quarrying,Добыча полезных ископаемых,,same_period_previous_year_pct,Weight base not stated in this sheet,,2026-08-26,ind_sub_2023_07-2026.xlsx,506c55c26e8c18bb9d506894bfb1a894cd4af78ab39ded03ed29cbb5167989e0,rosstat-cumulative-506c55c26e8c,5,BG25,г. Москва ,typography_normalization,,-,2024 год,январь-октябрь,unavailable_source_marker,True,False,False,published_source_vintage,candidate,https://rosstat.gov.ru/enterprise_industrial
FNS-77,г. Москва,2024-11-30,YTD,2024-01-01,11,B,Mining and quarrying,Добыча полезных ископаемых,,same_period_previous_year_pct,Weight base not stated in this sheet,,2026-08-26,ind_sub_2023_07-2026.xlsx,506c55c26e8c18bb9d506894bfb1a894cd4af78ab39ded03ed29cbb5167989e0,rosstat-cumulative-506c55c26e8c,5,BH25,г. Москва ,typography_normalization,,-,2024 год,январь-ноябрь,unavailable_source_marker,True,False,False,published_source_vintage,candidate,https://rosstat.gov.ru/enterprise_industrial
FNS-77,г. Москва,2024-12-31,YTD,2024-01-01,12,B,Mining and quarrying,Добыча полезных ископаемых,,same_period_previous_year_pct,Weight base not stated in this sheet,,2026-08-26,ind_sub_2023_07-2026.xlsx,506c55c26e8c18bb9d506894bfb1a894cd4af78ab39ded03ed29cbb5167989e0,rosstat-cumulative-506c55c26e8c,5,BI25,г. Москва ,typography_normalization,,-,2024 год,январь-декабрь,unavailable_source_marker,True,False,False,published_source_vintage,candidate,https://rosstat.gov.ru/enterprise_industrial
FNS-77,г. Москва,2025-01-31,YTD,2025-01-01,1,B,Mining and quarrying,Добыча полезных ископаемых,,same_period_previous_year_pct,Weight base not stated in this sheet,,2026-08-26,ind_sub_2023_07-2026.xlsx,506c55c26e8c18bb9d506894bfb1a894cd4af78ab39ded03ed29cbb5167989e0,rosstat-cumulative-506c55c26e8c,5,BJ25,г. Москва ,typography_normalization,,-,2025 год,январь,unavailable_source_marker,True,False,False,published_source_vintage,candidate,https://rosstat.gov.ru/enterprise_industrial
FNS-77,г. Москва,2025-02-28,YTD,2025-01-01,2,B,Mining and quarrying,Добыча полезных ископаемых,,same_period_previous_year_pct,Weight base not stated in this sheet,,2026-08-26,ind_sub_2023_07-2026.xlsx,506c55c26e8c18bb9d506894bfb1a894cd4af78ab39ded03ed29cbb5167989e0,rosstat-cumulative-506c55c26e8c,5,BK25,г. Москва ,typography_normalization,,-,2025 год,январь-февраль,unavailable_source_marker,True,False,False,published_source_vintage,candidate,https://rosstat.gov.ru/enterprise_industrial
FNS-77,г. Москва,2025-03-31,YTD,2025-01-01,3,B,Mining and quarrying,Добыча полезных ископаемых,,same_period_previous_year_pct,Weight base not stated in this sheet,,2026-08-26,ind_sub_2023_07-2026.xlsx,506c55c26e8c18bb9d506894bfb1a894cd4af78ab39ded03ed29cbb5167989e0,rosstat-cumulative-506c55c26e8c,5,BL25,г. Москва ,typography_normalization,,-,2025 год,январь-март,unavailable_source_marker,True,False,False,published_source_vintage,candidate,https://rosstat.gov.ru/enterprise_industrial
FNS-77,г. Москва,2025-04-30,YTD,2025-01-01,4,B,Mining and quarrying,Добыча полезных ископаемых,,same_period_previous_year_pct,Weight base not stated in this sheet,,2026-08-26,ind_sub_2023_07-2026.xlsx,506c55c26e8c18bb9d506894bfb1a894cd4af78ab39ded03ed29cbb5167989e0,rosstat-cumulative-506c55c26e8c,5,BM25,г. Москва ,typography_normalization,,-,2025 год,январь-апрель,unavailable_source_marker,True,False,False,published_source_vintage,candidate,https://rosstat.gov.ru/enterprise_industrial
FNS-77,г. Москва,2025-05-31,YTD,2025-01-01,5,B,Mining and quarrying,Добыча полезных ископаемых,,same_period_previous_year_pct,Weight base not stated in this sheet,,2026-08-26,ind_sub_2023_07-2026.xlsx,506c55c26e8c18bb9d506894bfb1a894cd4af78ab39ded03ed29cbb5167989e0,rosstat-cumulative-506c55c26e8c,5,BN25,г. Москва ,typography_normalization,,-,2025 год,январь-май,unavailable_source_marker,True,False,False,published_source_vintage,candidate,https://rosstat.gov.ru/enterprise_industrial
FNS-77,г. Москва,2025-06-30,YTD,2025-01-01,6,B,Mining and quarrying,Добыча полезных ископаемых,,same_period_previous_year_pct,Weight base not stated in this sheet,,2026-08-26,ind_sub_2023_07-2026.xlsx,506c55c26e8c18bb9d506894bfb1a894cd4af78ab39ded03ed29cbb5167989e0,rosstat-cumulative-506c55c26e8c,5,BO25,г. Москва ,typography_normalization,,-,2025 год,январь-июнь,unavailable_source_marker,True,False,False,published_source_vintage,candidate,https://rosstat.gov.ru/enterprise_industrial
FNS-77,г. Москва,2025-07-31,YTD,2025-01-01,7,B,Mining and quarrying,Добыча полезных ископаемых,,same_period_previous_year_pct,Weight base not stated in this sheet,,2026-08-26,ind_sub_2023_07-2026.xlsx,506c55c26e8c18bb9d506894bfb1a894cd4af78ab39ded03ed29cbb5167989e0,rosstat-cumulative-506c55c26e8c,5,BP25,г. Москва ,typography_normalization,,-,2025 год,январь-июль,unavailable_source_marker,True,False,False,published_source_vintage,candidate,https://rosstat.gov.ru/enterprise_industrial
FNS-77,г. Москва,2025-08-31,YTD,2025-01-01,8,B,Mining and quarrying,Добыча полезных ископаемых,,same_period_previous_year_pct,Weight base not stated in this sheet,,2026-08-26,ind_sub_2023_07-2026.xlsx,506c55c26e8c18bb9d506894bfb1a894cd4af78ab39ded03ed29cbb5167989e0,rosstat-cumulative-506c55c26e8c,5,BQ25,г. Москва ,typography_normalization,,-,2025 год,январь-август,unavailable_source_marker,True,False,False,published_source_vintage,candidate,https://rosstat.gov.ru/enterprise_industrial
FNS-77,г. Москва,2025-09-30,YTD,2025-01-01,9,B,Mining and quarrying,Добыча полезных ископаемых,,same_period_previous_year_pct,Weight base not stated in this sheet,,2026-08-26,ind_sub_2023_07-2026.xlsx,506c55c26e8c18bb9d506894bfb1a894cd4af78ab39ded03ed29cbb5167989e0,rosstat-cumulative-506c55c26e8c,5,BR25,г. Москва ,typography_normalization,,-,2025 год,январь-сентябрь,unavailable_source_marker,True,False,False,published_source_vintage,candidate,https://rosstat.gov.ru/enterprise_industrial
FNS-77,г. Москва,2025-10-31,YTD,2025-01-01,10,B,Mining and quarrying,Добыча полезных ископаемых,,same_period_previous_year_pct,Weight base not stated in this sheet,,2026-08-26,ind_sub_2023_07-2026.xlsx,506c55c26e8c18bb9d506894bfb1a894cd4af78ab39ded03ed29cbb5167989e0,rosstat-cumulative-506c55c26e8c,5,BS25,г. Москва ,typography_normalization,,-,2025 год,январь-октябрь,unavailable_source_marker,True,False,False,published_source_vintage,candidate,https://rosstat.gov.ru/enterprise_industrial
FNS-77,г. Москва,2025-11-30,YTD,2025-01-01,11,B,Mining and quarrying,Добыча полезных ископаемых,,same_period_previous_year_pct,Weight base not stated in this sheet,,2026-08-26,ind_sub_2023_07-2026.xlsx,506c55c26e8c18bb9d506894bfb1a894cd4af78ab39ded03ed29cbb5167989e0,rosstat-cumulative-506c55c26e8c,5,BT25,г. Москва ,typography_normalization,,-,2025 год,январь-ноябрь,unavailable_source_marker,True,False,False,published_source_vintage,candidate,https://rosstat.gov.ru/enterprise_industrial
FNS-77,г. Москва,2025-12-31,YTD,2025-01-01,12,B,Mining and quarrying,Добыча полезных ископаемых,,same_period_previous_year_pct,Weight base not stated in this sheet,,2026-08-26,ind_sub_2023_07-2026.xlsx,506c55c26e8c18bb9d506894bfb1a894cd4af78ab39ded03ed29cbb5167989e0,rosstat-cumulative-506c55c26e8c,5,BU25,г. Москва ,typography_normalization,,-,2025 год,январь-декабрь,unavailable_source_marker,True,False,False,published_source_vintage,candidate,https://rosstat.gov.ru/enterprise_industrial
FNS-77,г. Москва,2026-01-31,YTD,2026-01-01,1,B,Mining and quarrying,Добыча полезных ископаемых,,same_period_previous_year_pct,Weight base not stated in this sheet,,2026-08-26,ind_sub_2023_07-2026.xlsx,506c55c26e8c18bb9d506894bfb1a894cd4af78ab39ded03ed29cbb5167989e0,rosstat-cumulative-506c55c26e8c,5,BV25,г. Москва ,typography_normalization,,-,2026 год2,январь,unavailable_source_marker,True,True,False,published_source_vintage,candidate,https://rosstat.gov.ru/enterprise_industrial
FNS-77,г. Москва,2026-02-28,YTD,2026-01-01,2,B,Mining and quarrying,Добыча полезных ископаемых,,same_period_previous_year_pct,Weight base not stated in this sheet,,2026-08-26,ind_sub_2023_07-2026.xlsx,506c55c26e8c18bb9d506894bfb1a894cd4af78ab39ded03ed29cbb5167989e0,rosstat-cumulative-506c55c26e8c,5,BW25,г. Москва ,typography_normalization,,-,2026 год2,январь-февраль,unavailable_source_marker,True,True,False,published_source_vintage,candidate,https://rosstat.gov.ru/enterprise_industrial
FNS-77,г. Москва,2026-03-31,YTD,2026-01-01,3,B,Mining and quarrying,Добыча полезных ископаемых,,same_period_previous_year_pct,Weight base not stated in this sheet,,2026-08-26,ind_sub_2023_07-2026.xlsx,506c55c26e8c18bb9d506894bfb1a894cd4af78ab39ded03ed29cbb5167989e0,rosstat-cumulative-506c55c26e8c,5,BX25,г. Москва ,typography_normalization,,-,2026 год2,январь-март,unavailable_source_marker,True,True,False,published_source_vintage,candidate,https://rosstat.gov.ru/enterprise_industrial
FNS-77,г. Москва,2026-04-30,YTD,2026-01-01,4,B,Mining and quarrying,Добыча полезных ископаемых,,same_period_previous_year_pct,Weight base not stated in this sheet,,2026-08-26,ind_sub_2023_07-2026.xlsx,506c55c26e8c18bb9d506894bfb1a894cd4af78ab39ded03ed29cbb5167989e0,rosstat-cumulative-506c55c26e8c,5,BY25,г. Москва ,typography_normalization,,-,2026 год2,январь-апрель,unavailable_source_marker,True,True,False,published_source_vintage,candidate,https://rosstat.gov.ru/enterprise_industrial
FNS-77,г. Москва,2026-05-31,YTD,2026-01-01,5,B,Mining and quarrying,Добыча полезных ископаемых,,same_period_previous_year_pct,Weight base not stated in this sheet,,2026-08-26,ind_sub_2023_07-2026.xlsx,506c55c26e8c18bb9d506894bfb1a894cd4af78ab39ded03ed29cbb5167989e0,rosstat-cumulative-506c55c26e8c,5,BZ25,г. Москва ,typography_normalization,,-,2026 год2,январь-май,unavailable_source_marker,True,True,False,published_source_vintage,candidate,https://rosstat.gov.ru/enterprise_industrial
FNS-77,г. Москва,2026-06-30,YTD,2026-01-01,6,B,Mining and quarrying,Добыча полезных ископаемых,,same_period_previous_year_pct,Weight base not stated in this sheet,,2026-08-26,ind_sub_2023_07-2026.xlsx,506c55c26e8c18bb9d506894bfb1a894cd4af78ab39ded03ed29cbb5167989e0,rosstat-cumulative-506c55c26e8c,5,CA25,г. Москва ,typography_normalization,,-,2026 год2,январь-июнь,unavailable_source_marker,True,True,False,published_source_vintage,candidate,https://rosstat.gov.ru/enterprise_industrial
FNS-77,г. Москва,2026-07-31,YTD,2026-01-01,7,B,Mining and quarrying,Добыча полезных ископаемых,,same_period_previous_year_pct,Weight base not stated in this sheet,,2026-08-26,ind_sub_2023_07-2026.xlsx,506c55c26e8c18bb9d506894bfb1a894cd4af78ab39ded03ed29cbb5167989e0,rosstat-cumulative-506c55c26e8c,5,CB25,г. Москва ,typography_normalization,,-,2026 год2,январь-июль,unavailable_source_marker,True,True,False,published_source_vintage,candidate,https://rosstat.gov.ru/enterprise_industrial
FNS-78,г. Санкт-Петербург,2015-01-31,YTD,2015-01-01,1,B,Mining and quarrying,Добыча полезных ископаемых,,same_period_previous_year_pct,Weight base not stated in this sheet,,2026-02-06,ind_sub_2018_12-2025.xlsx,c4ab90d9f4cd20b8bcd02f06aab588b3c1ba03bc99f1d07889a83ead29f5fa13,rosstat-cumulative-c4ab90d9f4cd,5,B38,г. Санкт-Петербург,typography_normalization,,-,2015 год,январь,unavailable_source_marker,True,False,False,published_source_vintage,candidate,https://rosstat.gov.ru/enterprise_industrial
FNS-78,г. Санкт-Петербург,2015-02-28,YTD,2015-01-01,2,B,Mining and quarrying,Добыча полезных ископаемых,,same_period_previous_year_pct,Weight base not stated in this sheet,,2026-02-06,ind_sub_2018_12-2025.xlsx,c4ab90d9f4cd20b8bcd02f06aab588b3c1ba03bc99f1d07889a83ead29f5fa13,rosstat-cumulative-c4ab90d9f4cd,5,C38,г. Санкт-Петербург,typography_normalization,,-,2015 год,январь-февраль,unavailable_source_marker,True,False,False,published_source_vintage,candidate,https://rosstat.gov.ru/enterprise_industrial
FNS-78,г. Санкт-Петербург,2015-03-31,YTD,2015-01-01,3,B,Mining and quarrying,Добыча полезных ископаемых,,same_period_previous_year_pct,Weight base not stated in this sheet,,2026-02-06,ind_sub_2018_12-2025.xlsx,c4ab90d9f4cd20b8bcd02f06aab588b3c1ba03bc99f1d07889a83ead29f5fa13,rosstat-cumulative-c4ab90d9f4cd,5,D38,г. Санкт-Петербург,typography_normalization,,-,2015 год,январь-март,unavailable_source_marker,True,False,False,published_source_vintage,candidate,https://rosstat.gov.ru/enterprise_industrial
FNS-78,г. Санкт-Петербург,2016-04-30,YTD,2016-01-01,4,B,Mining and quarrying,Добыча полезных ископаемых,,same_period_previous_year_pct,Weight base not stated in this sheet,,2026-02-06,ind_sub_2018_12-2025.xlsx,c4ab90d9f4cd20b8bcd02f06aab588b3c1ba03bc99f1d07889a83ead29f5fa13,rosstat-cumulative-c4ab90d9f4cd,5,Q38,г. Санкт-Петербург,typography_normalization,,-,2016 год,январь-апрель,unavailable_source_marker,True,False,False,published_source_vintage,candidate,https://rosstat.gov.ru/enterprise_industrial
FNS-78,г. Санкт-Петербург,2017-01-31,YTD,2017-01-01,1,B,Mining and quarrying,Добыча полезных ископаемых,,same_period_previous_year_pct,Weight base not stated in this sheet,,2026-02-06,ind_sub_2018_12-2025.xlsx,c4ab90d9f4cd20b8bcd02f06aab588b3c1ba03bc99f1d07889a83ead29f5fa13,rosstat-cumulative-c4ab90d9f4cd,5,Z38,г. Санкт-Петербург,typography_normalization,,-,2017 год,январь,unavailable_source_marker,True,False,False,published_source_vintage,candidate,https://rosstat.gov.ru/enterprise_industrial
