region_id,period,window_start,okved_section,source_file,source_sha256,source_vintage,source_sheet,source_cell,raw_region_label,raw_window_header,raw_index_value,candidate_index_value,passed
RU-KLU,2024-03-31,2024-01-01,B,ind_sub_2023_07-2026.xlsx,506c55c26e8c18bb9d506894bfb1a894cd4af78ab39ded03ed29cbb5167989e0,2026-08-26,5,AZ13,Калужская область,январь-март,102.9,102.9,True
RU-KLU,2024-03-31,2024-01-01,C,ind_sub_2023_07-2026.xlsx,506c55c26e8c18bb9d506894bfb1a894cd4af78ab39ded03ed29cbb5167989e0,2026-08-26,8,AZ13,Калужская область,январь-март,116.5,116.5,True
RU-KLU,2024-03-31,2024-01-01,D,ind_sub_2023_07-2026.xlsx,506c55c26e8c18bb9d506894bfb1a894cd4af78ab39ded03ed29cbb5167989e0,2026-08-26,11,AZ13,Калужская область,январь-март,79.5,79.5,True
RU-KLU,2024-03-31,2024-01-01,E,ind_sub_2023_07-2026.xlsx,506c55c26e8c18bb9d506894bfb1a894cd4af78ab39ded03ed29cbb5167989e0,2026-08-26,14,AZ13,Калужская область,январь-март,89.0,89.0,True
RU-KLU,2024-03-31,2024-01-01,TOTAL,ind_sub_2023_07-2026.xlsx,506c55c26e8c18bb9d506894bfb1a894cd4af78ab39ded03ed29cbb5167989e0,2026-08-26,2,AZ13,Калужская область,январь-март,113.0,113.0,True
RU-KLU,2025-03-31,2025-01-01,B,ind_sub_2023_07-2026.xlsx,506c55c26e8c18bb9d506894bfb1a894cd4af78ab39ded03ed29cbb5167989e0,2026-08-26,5,BL13,Калужская область,январь-март,146.6,146.6,True
RU-KLU,2025-03-31,2025-01-01,C,ind_sub_2023_07-2026.xlsx,506c55c26e8c18bb9d506894bfb1a894cd4af78ab39ded03ed29cbb5167989e0,2026-08-26,8,BL13,Калужская область,январь-март,113.1,113.1,True
RU-KLU,2025-03-31,2025-01-01,D,ind_sub_2023_07-2026.xlsx,506c55c26e8c18bb9d506894bfb1a894cd4af78ab39ded03ed29cbb5167989e0,2026-08-26,11,BL13,Калужская область,январь-март,157.3,157.3,True
RU-KLU,2025-03-31,2025-01-01,E,ind_sub_2023_07-2026.xlsx,506c55c26e8c18bb9d506894bfb1a894cd4af78ab39ded03ed29cbb5167989e0,2026-08-26,14,BL13,Калужская область,январь-март,123.3,123.3,True
RU-KLU,2025-03-31,2025-01-01,TOTAL,ind_sub_2023_07-2026.xlsx,506c55c26e8c18bb9d506894bfb1a894cd4af78ab39ded03ed29cbb5167989e0,2026-08-26,2,BL13,Калужская область,январь-март,115.8,115.8,True
RU-KLU,2026-03-31,2026-01-01,B,ind_sub_2023_07-2026.xlsx,506c55c26e8c18bb9d506894bfb1a894cd4af78ab39ded03ed29cbb5167989e0,2026-08-26,5,BX13,Калужская область,январь-март,81.3,81.3,True
RU-KLU,2026-03-31,2026-01-01,C,ind_sub_2023_07-2026.xlsx,506c55c26e8c18bb9d506894bfb1a894cd4af78ab39ded03ed29cbb5167989e0,2026-08-26,8,BX13,Калужская область,январь-март,106.3,106.3,True
RU-KLU,2026-03-31,2026-01-01,D,ind_sub_2023_07-2026.xlsx,506c55c26e8c18bb9d506894bfb1a894cd4af78ab39ded03ed29cbb5167989e0,2026-08-26,11,BX13,Калужская область,январь-март,82.7,82.7,True
RU-KLU,2026-03-31,2026-01-01,E,ind_sub_2023_07-2026.xlsx,506c55c26e8c18bb9d506894bfb1a894cd4af78ab39ded03ed29cbb5167989e0,2026-08-26,14,BX13,Калужская область,январь-март,84.8,84.8,True
RU-KLU,2026-03-31,2026-01-01,TOTAL,ind_sub_2023_07-2026.xlsx,506c55c26e8c18bb9d506894bfb1a894cd4af78ab39ded03ed29cbb5167989e0,2026-08-26,2,BX13,Калужская область,январь-март,104.1,104.1,True
RU-SVE,2024-03-31,2024-01-01,B,ind_sub_2023_07-2026.xlsx,506c55c26e8c18bb9d506894bfb1a894cd4af78ab39ded03ed29cbb5167989e0,2026-08-26,5,AZ73,Свердловская область,январь-март,100.9,100.9,True
RU-SVE,2024-03-31,2024-01-01,C,ind_sub_2023_07-2026.xlsx,506c55c26e8c18bb9d506894bfb1a894cd4af78ab39ded03ed29cbb5167989e0,2026-08-26,8,AZ73,Свердловская область,январь-март,102.5,102.5,True
RU-SVE,2024-03-31,2024-01-01,D,ind_sub_2023_07-2026.xlsx,506c55c26e8c18bb9d506894bfb1a894cd4af78ab39ded03ed29cbb5167989e0,2026-08-26,11,AZ73,Свердловская область,январь-март,98.1,98.1,True
RU-SVE,2024-03-31,2024-01-01,E,ind_sub_2023_07-2026.xlsx,506c55c26e8c18bb9d506894bfb1a894cd4af78ab39ded03ed29cbb5167989e0,2026-08-26,14,AZ73,Свердловская область,январь-март,111.1,111.1,True
RU-SVE,2024-03-31,2024-01-01,TOTAL,ind_sub_2023_07-2026.xlsx,506c55c26e8c18bb9d506894bfb1a894cd4af78ab39ded03ed29cbb5167989e0,2026-08-26,2,AZ73,Свердловская область,январь-март,102.3,102.3,True
RU-SVE,2025-03-31,2025-01-01,B,ind_sub_2023_07-2026.xlsx,506c55c26e8c18bb9d506894bfb1a894cd4af78ab39ded03ed29cbb5167989e0,2026-08-26,5,BL73,Свердловская область,январь-март,99.2,99.2,True
RU-SVE,2025-03-31,2025-01-01,C,ind_sub_2023_07-2026.xlsx,506c55c26e8c18bb9d506894bfb1a894cd4af78ab39ded03ed29cbb5167989e0,2026-08-26,8,BL73,Свердловская область,январь-март,106.1,106.1,True
RU-SVE,2025-03-31,2025-01-01,D,ind_sub_2023_07-2026.xlsx,506c55c26e8c18bb9d506894bfb1a894cd4af78ab39ded03ed29cbb5167989e0,2026-08-26,11,BL73,Свердловская область,январь-март,91.0,91.0,True
RU-SVE,2025-03-31,2025-01-01,E,ind_sub_2023_07-2026.xlsx,506c55c26e8c18bb9d506894bfb1a894cd4af78ab39ded03ed29cbb5167989e0,2026-08-26,14,BL73,Свердловская область,январь-март,84.7,84.7,True
RU-SVE,2025-03-31,2025-01-01,TOTAL,ind_sub_2023_07-2026.xlsx,506c55c26e8c18bb9d506894bfb1a894cd4af78ab39ded03ed29cbb5167989e0,2026-08-26,2,BL73,Свердловская область,январь-март,103.6,103.6,True
RU-SVE,2026-03-31,2026-01-01,B,ind_sub_2023_07-2026.xlsx,506c55c26e8c18bb9d506894bfb1a894cd4af78ab39ded03ed29cbb5167989e0,2026-08-26,5,BX73,Свердловская область,январь-март,87.1,87.1,True
RU-SVE,2026-03-31,2026-01-01,C,ind_sub_2023_07-2026.xlsx,506c55c26e8c18bb9d506894bfb1a894cd4af78ab39ded03ed29cbb5167989e0,2026-08-26,8,BX73,Свердловская область,январь-март,88.7,88.7,True
RU-SVE,2026-03-31,2026-01-01,D,ind_sub_2023_07-2026.xlsx,506c55c26e8c18bb9d506894bfb1a894cd4af78ab39ded03ed29cbb5167989e0,2026-08-26,11,BX73,Свердловская область,январь-март,111.3,111.3,True
RU-SVE,2026-03-31,2026-01-01,E,ind_sub_2023_07-2026.xlsx,506c55c26e8c18bb9d506894bfb1a894cd4af78ab39ded03ed29cbb5167989e0,2026-08-26,14,BX73,Свердловская область,январь-март,88.3,88.3,True
RU-SVE,2026-03-31,2026-01-01,TOTAL,ind_sub_2023_07-2026.xlsx,506c55c26e8c18bb9d506894bfb1a894cd4af78ab39ded03ed29cbb5167989e0,2026-08-26,2,BX73,Свердловская область,январь-март,90.5,90.5,True
